[CAPI][INFO] Loading configuration file /etc//commonapi-someip.ini

═══════════════════════════════════════════════════════
  VehicleControlMock - vsomeip Service
  Version: 1.0
═══════════════════════════════════════════════════════

Environment:
  VSOMEIP_APPLICATION_NAME: "VehicleControlMock"
  VSOMEIP_CONFIGURATION: "/home/seame/Documents/GitHub/Chang_DES_Head-Unit/app/VehicleControlMock/config/vsomeip_mock.json"
  COMMONAPI_CONFIG: "/home/seame/Documents/GitHub/Chang_DES_Head-Unit/commonapi/commonapi.ini"

✓ CommonAPI runtime initialized
[Mock] ✓ MockStubImpl created
[CAPI][INFO] Loading configuration file '/home/seame/Documents/GitHub/Chang_DES_Head-Unit/commonapi/commonapi.ini'
[CAPI][INFO] Using default binding 'dbus'
[CAPI][INFO] Using default shared library folder '/usr/local/lib/commonapi'
[CAPI][INFO] Registering function for creating "vehiclecontrol.VehicleControl:v1_0" stub adapter.
[CAPI][INFO] Registering stub for "local:vehiclecontrol.VehicleControl:v1_0:vehiclecontrol.VehicleControl"
2026-01-15 14:00:00.891639 VehicleControlMock [info] Using configuration file: "/home/seame/Documents/GitHub/Chang_DES_Head-Unit/app/VehicleControlMock/config/vsomeip_mock.json".
2026-01-15 14:00:00.891686 VehicleControlMock [info] Parsed vsomeip configuration in 0ms
2026-01-15 14:00:00.891695 VehicleControlMock [info] Configuration module loaded.
2026-01-15 14:00:00.891702 VehicleControlMock [info] Security disabled!
2026-01-15 14:00:00.891706 VehicleControlMock [info] Initializing vsomeip (3.5.8) application "VehicleControlMock".
2026-01-15 14:00:00.891746 VehicleControlMock [info] Instantiating routing manager [Host].
2026-01-15 14:00:00.891825 VehicleControlMock [info] create_routing_root: Routing root @ /tmp/vsomeip-0
2026-01-15 14:00:00.891883 VehicleControlMock [info] Service Discovery enabled. Trying to load module.
2026-01-15 14:00:00.892061 VehicleControlMock [info] Service Discovery module loaded.
2026-01-15 14:00:00.892092 VehicleControlMock [info] Application(VehicleControlMock, 1001) is initialized (11, 100).
2026-01-15 14:00:00.892187 VehicleControlMock [info] offer_event: Event [1234.5678.9c40] uses configured cycle time 0ms
2026-01-15 14:00:00.892182 VehicleControlMock [info] Starting vsomeip application "VehicleControlMock" (1001) using 2 threads I/O nice 0 boost event loop period 0
2026-01-15 14:00:00.892209 VehicleControlMock [info] REGISTER EVENT(1001): [1234.5678.9c40:is_provider=true]
2026-01-15 14:00:00.892249 VehicleControlMock [info] offer_event: Event [1234.5678.9c41] uses configured cycle time 0ms
2026-01-15 14:00:00.892260 VehicleControlMock [info] REGISTER EVENT(1001): [1234.5678.9c41:is_provider=true]
2026-01-15 14:00:00.892287 VehicleControlMock [info] rmi::offer_service added service: 1234 to pending_sd_offers_.size = 1
2026-01-15 14:00:00.892317 VehicleControlMock [info] Client [1001] routes unicast:127.0.0.1, netmask:255.255.255.0
2026-01-15 14:00:00.892289 VehicleControlMock [info] main dispatch thread id from application: 1001 (VehicleControlMock) is: 7e4bfcdfc6c0 TID: 21250
2026-01-15 14:00:00.892341 VehicleControlMock [info] create_local_server: Listening @ /tmp/vsomeip-1001
2026-01-15 14:00:00.892366 VehicleControlMock [info] netlink: from 0 to 1, if=0, mc=0, count=0
2026-01-15 14:00:00.892385 VehicleControlMock [info] OFFER(1001): [1234.5678:1.0] (true)
✓ Service registered successfully
  Domain: "local"
  Instance: "vehiclecontrol.VehicleControl"

Press Ctrl+C to stop the service


═══════════════════════════════════════════════════════
[Mock] 🚀 Starting Continuous Simulation
═══════════════════════════════════════════════════════

[Mock] Configuration:
2026-01-15 14:00:00.892446 VehicleControlMock [info] Watchdog is disabled!
       • Gear: R (Reverse)
       • Speed: 0 km/h
       • Battery: 100% → 10%
2026-01-15 14:00:00.892431 VehicleControlMock [info] shutdown thread id from application: 1001 (VehicleControlMock) is: 7e4bf7fff6c0 TID: 21251
       • Distance: 60cm → 5cm
       • Update interval: 500ms

2026-01-15 14:00:00.892505 VehicleControlMock [info] io thread id from application: 1001 (VehicleControlMock) is: 7e4bfd5fd6c0 TID: 21249
[Mock] 📡 Initial broadcast sent
       Gear: R | Speed: 0 | Battery: 100% | Distance: 60cm

2026-01-15 14:00:00.892524 VehicleControlMock [info] netlink: from 1 to 2, if=1, mc=0, count=0
═══════════════════════════════════════════════════════

2026-01-15 14:00:00.892509 VehicleControlMock [info] io thread id from application: 1001 (VehicleControlMock) is: 7e4bf6ffd6c0 TID: 21253
2026-01-15 14:00:00.892550 VehicleControlMock [info] vSomeIP 3.5.8 | (default)
2026-01-15 14:00:00.892575 VehicleControlMock [info] netlink: from 2 to 3, if=1, mc=0, count=1
2026-01-15 14:00:00.892621 VehicleControlMock [warning] Network interface "lo" state changed: up
"[Mock] 📡 Distance: 58cm 🟢 SAFE | Battery:  97% | Gear: R | Speed: 0"
"[Mock] 📡 Distance: 56cm 🟢 SAFE | Battery:  94% | Gear: R | Speed: 0"
"[Mock] 📡 Distance: 54cm 🟢 SAFE | Battery:  91% | Gear: R | Speed: 0"
"[Mock] 📡 Distance: 52cm 🟢 SAFE | Battery:  87% | Gear: R | Speed: 0"
"[Mock] 📡 Distance: 50cm 🟡 CAUTION | Battery:  84% | Gear: R | Speed: 0"
"[Mock] 📡 Distance: 48cm 🟡 CAUTION | Battery:  81% | Gear: R | Speed: 0"
"[Mock] 📡 Distance: 46cm 🟡 CAUTION | Battery:  78% | Gear: R | Speed: 0"
"[Mock] 📡 Distance: 44cm 🟡 CAUTION | Battery:  74% | Gear: R | Speed: 0"
"[Mock] 📡 Distance: 42cm 🟡 CAUTION | Battery:  71% | Gear: R | Speed: 0"
"[Mock] 📡 Distance: 40cm 🟡 CAUTION | Battery:  68% | Gear: R | Speed: 0"
"[Mock] 📡 Distance: 38cm 🟡 CAUTION | Battery:  64% | Gear: R | Speed: 0"
"[Mock] 📡 Distance: 36cm 🟡 CAUTION | Battery:  61% | Gear: R | Speed: 0"
"[Mock] 📡 Distance: 34cm 🟡 CAUTION | Battery:  58% | Gear: R | Speed: 0"
"[Mock] 📡 Distance: 32cm 🟡 CAUTION | Battery:  55% | Gear: R | Speed: 0"
"[Mock] 📡 Distance: 30cm 🟠 WARNING | Battery:  51% | Gear: R | Speed: 0"
"[Mock] 📡 Distance: 28cm 🟠 WARNING | Battery:  48% | Gear: R | Speed: 0"
"[Mock] 📡 Distance: 26cm 🟠 WARNING | Battery:  45% | Gear: R | Speed: 0"
"[Mock] 📡 Distance: 24cm 🟠 WARNING | Battery:  42% | Gear: R | Speed: 0"
"[Mock] 📡 Distance: 22cm 🟠 WARNING | Battery:  38% | Gear: R | Speed: 0"
2026-01-15 14:00:10.892630 VehicleControlMock [info] vSomeIP 3.5.8 | (default)
"[Mock] 📡 Distance: 20cm 🟠 WARNING | Battery:  35% | Gear: R | Speed: 0"
"[Mock] 📡 Distance: 18cm 🟠 WARNING | Battery:  32% | Gear: R | Speed: 0"
"[Mock] 📡 Distance: 16cm 🟠 WARNING | Battery:  28% | Gear: R | Speed: 0"
"[Mock] 📡 Distance: 14cm 🔴 DANGER | Battery:  25% | Gear: R | Speed: 0"
"[Mock] 📡 Distance: 12cm 🔴 DANGER | Battery:  22% | Gear: R | Speed: 0"
2026-01-15 14:00:13.211522 VehicleControlMock [info] Application/Client 1002 is registering.
2026-01-15 14:00:13.211582 VehicleControlMock [info] emb::find_or_create_local: self 1001, client 1002
2026-01-15 14:00:13.211619 VehicleControlMock [info] Client [1001] is connecting to [1002] at /tmp/vsomeip-1002 endpoint > 0x7e4be0000e20
2026-01-15 14:00:13.211669 VehicleControlMock [info] cei::wait_connecting_cbk: endpoint > 0x7e4be0000e20 socket state > 1
2026-01-15 14:00:13.211779 VehicleControlMock [info] REGISTERED_ACK(1002)
2026-01-15 14:00:13.211918 VehicleControlMock [info] Application/Client 1002 is deregistering.
2026-01-15 14:00:13.211944 VehicleControlMock [info] emb::remove_local: self 1001, client 1002
2026-01-15 14:00:13.211973 VehicleControlMock [info] cei::shutdown_and_close_socket_unlocked: not recreating socket  endpoint > 0x7e4be0000e20 socket state > 0
2026-01-15 14:00:13.211991 VehicleControlMock [info] Client [1001] is closing connection to [1002] endpoint > 0x7e4be0000e20
2026-01-15 14:00:13.211968 VehicleControlMock [info] lucei::receive_cbk: Error: Operation canceled | endpoint > 0x7e4be0000e20
"[Mock] 📡 Distance: 10cm 🔴 DANGER | Battery:  19% | Gear: R | Speed: 0"
"[Mock] 📡 Distance:  8cm 🔴 DANGER | Battery:  15% | Gear: R | Speed: 0"
"[Mock] 📡 Distance:  6cm 🔴 DANGER | Battery:  12% | Gear: R | Speed: 0"

═══════════════════════════════════════════════════════
[Mock] ✅ Simulation cycle complete!
       Final: Distance = 5cm, Battery = 10%
       🔄 Restarting in 3 seconds...
═══════════════════════════════════════════════════════

2026-01-15 14:00:17.320758 VehicleControlMock [info] Application/Client 1003 is registering.
2026-01-15 14:00:17.320795 VehicleControlMock [info] emb::find_or_create_local: self 1001, client 1003
2026-01-15 14:00:17.320825 VehicleControlMock [info] Client [1001] is connecting to [1003] at /tmp/vsomeip-1003 endpoint > 0x7e4be0000e20
2026-01-15 14:00:17.320860 VehicleControlMock [info] cei::wait_connecting_cbk: endpoint > 0x7e4be0000e20 socket state > 2
2026-01-15 14:00:17.320916 VehicleControlMock [info] REGISTERED_ACK(1003)
2026-01-15 14:00:17.320957 VehicleControlMock [info] REGISTER EVENT(1003): [1234.5678.9c40:eventtype=0:is_provided=false:reliable=2]
2026-01-15 14:00:17.320969 VehicleControlMock [info] REGISTER EVENT(1003): [1234.5678.9c41:eventtype=0:is_provided=false:reliable=2]
2026-01-15 14:00:17.321130 VehicleControlMock [info] UNREGISTER EVENT(1003): [1234.5678.9c41:is_provider=false]
2026-01-15 14:00:17.321152 VehicleControlMock [info] UNSUBSCRIBE(1003): [1234.5678.1234.9c40]
2026-01-15 14:00:17.321179 VehicleControlMock [info] UNREGISTER EVENT(1003): [1234.5678.9c40:is_provider=false]
2026-01-15 14:00:17.321212 VehicleControlMock [info] Application/Client 1003 is deregistering.
2026-01-15 14:00:17.321232 VehicleControlMock [info] emb::remove_local: self 1001, client 1003
2026-01-15 14:00:17.321263 VehicleControlMock [info] cei::shutdown_and_close_socket_unlocked: not recreating socket  endpoint > 0x7e4be0000e20 socket state > 0
2026-01-15 14:00:17.321274 VehicleControlMock [info] Client [1001] is closing connection to [1003] endpoint > 0x7e4be0000e20
2026-01-15 14:00:17.321264 VehicleControlMock [info] lucei::receive_cbk: Error: Operation canceled | endpoint > 0x7e4be0000e20
[Mock] 🔄 Restarting simulation cycle
"[Mock] 📡 Distance: 58cm 🟢 SAFE | Battery:  97% | Gear: R | Speed: 0"
"[Mock] 📡 Distance: 56cm 🟢 SAFE | Battery:  94% | Gear: R | Speed: 0"
"[Mock] 📡 Distance: 54cm 🟢 SAFE | Battery:  91% | Gear: R | Speed: 0"
"[Mock] 📡 Distance: 52cm 🟢 SAFE | Battery:  87% | Gear: R | Speed: 0"
"[Mock] 📡 Distance: 50cm 🟡 CAUTION | Battery:  84% | Gear: R | Speed: 0"
2026-01-15 14:00:20.892702 VehicleControlMock [info] vSomeIP 3.5.8 | (default)
"[Mock] 📡 Distance: 48cm 🟡 CAUTION | Battery:  81% | Gear: R | Speed: 0"
"[Mock] 📡 Distance: 46cm 🟡 CAUTION | Battery:  78% | Gear: R | Speed: 0"
"[Mock] 📡 Distance: 44cm 🟡 CAUTION | Battery:  74% | Gear: R | Speed: 0"
"[Mock] 📡 Distance: 42cm 🟡 CAUTION | Battery:  71% | Gear: R | Speed: 0"
"[Mock] 📡 Distance: 40cm 🟡 CAUTION | Battery:  68% | Gear: R | Speed: 0"
"[Mock] 📡 Distance: 38cm 🟡 CAUTION | Battery:  64% | Gear: R | Speed: 0"
"[Mock] 📡 Distance: 36cm 🟡 CAUTION | Battery:  61% | Gear: R | Speed: 0"
"[Mock] 📡 Distance: 34cm 🟡 CAUTION | Battery:  58% | Gear: R | Speed: 0"
"[Mock] 📡 Distance: 32cm 🟡 CAUTION | Battery:  55% | Gear: R | Speed: 0"
"[Mock] 📡 Distance: 30cm 🟠 WARNING | Battery:  51% | Gear: R | Speed: 0"
"[Mock] 📡 Distance: 28cm 🟠 WARNING | Battery:  48% | Gear: R | Speed: 0"
"[Mock] 📡 Distance: 26cm 🟠 WARNING | Battery:  45% | Gear: R | Speed: 0"
"[Mock] 📡 Distance: 24cm 🟠 WARNING | Battery:  42% | Gear: R | Speed: 0"
"[Mock] 📡 Distance: 22cm 🟠 WARNING | Battery:  38% | Gear: R | Speed: 0"
"[Mock] 📡 Distance: 20cm 🟠 WARNING | Battery:  35% | Gear: R | Speed: 0"
"[Mock] 📡 Distance: 18cm 🟠 WARNING | Battery:  32% | Gear: R | Speed: 0"
"[Mock] 📡 Distance: 16cm 🟠 WARNING | Battery:  28% | Gear: R | Speed: 0"
"[Mock] 📡 Distance: 14cm 🔴 DANGER | Battery:  25% | Gear: R | Speed: 0"
"[Mock] 📡 Distance: 12cm 🔴 DANGER | Battery:  22% | Gear: R | Speed: 0"
"[Mock] 📡 Distance: 10cm 🔴 DANGER | Battery:  19% | Gear: R | Speed: 0"
2026-01-15 14:00:30.892839 VehicleControlMock [info] vSomeIP 3.5.8 | (default)
"[Mock] 📡 Distance:  8cm 🔴 DANGER | Battery:  15% | Gear: R | Speed: 0"
"[Mock] 📡 Distance:  6cm 🔴 DANGER | Battery:  12% | Gear: R | Speed: 0"

═══════════════════════════════════════════════════════
[Mock] ✅ Simulation cycle complete!
       Final: Distance = 5cm, Battery = 10%
       🔄 Restarting in 3 seconds...
═══════════════════════════════════════════════════════

[Mock] 🔄 Restarting simulation cycle
"[Mock] 📡 Distance: 58cm 🟢 SAFE | Battery:  97% | Gear: R | Speed: 0"
"[Mock] 📡 Distance: 56cm 🟢 SAFE | Battery:  94% | Gear: R | Speed: 0"
"[Mock] 📡 Distance: 54cm 🟢 SAFE | Battery:  91% | Gear: R | Speed: 0"
"[Mock] 📡 Distance: 52cm 🟢 SAFE | Battery:  87% | Gear: R | Speed: 0"
"[Mock] 📡 Distance: 50cm 🟡 CAUTION | Battery:  84% | Gear: R | Speed: 0"
"[Mock] 📡 Distance: 48cm 🟡 CAUTION | Battery:  81% | Gear: R | Speed: 0"
"[Mock] 📡 Distance: 46cm 🟡 CAUTION | Battery:  78% | Gear: R | Speed: 0"
"[Mock] 📡 Distance: 44cm 🟡 CAUTION | Battery:  74% | Gear: R | Speed: 0"
"[Mock] 📡 Distance: 42cm 🟡 CAUTION | Battery:  71% | Gear: R | Speed: 0"
"[Mock] 📡 Distance: 40cm 🟡 CAUTION | Battery:  68% | Gear: R | Speed: 0"
"[Mock] 📡 Distance: 38cm 🟡 CAUTION | Battery:  64% | Gear: R | Speed: 0"
2026-01-15 14:00:40.866235 VehicleControlMock [info] Application/Client 1004 is registering.
2026-01-15 14:00:40.866275 VehicleControlMock [info] emb::find_or_create_local: self 1001, client 1004
2026-01-15 14:00:40.866298 VehicleControlMock [info] Client [1001] is connecting to [1004] at /tmp/vsomeip-1004 endpoint > 0x7e4be0000e20
2026-01-15 14:00:40.866390 VehicleControlMock [info] cei::wait_connecting_cbk: endpoint > 0x7e4be0000e20 socket state > 1
2026-01-15 14:00:40.866535 VehicleControlMock [info] REGISTERED_ACK(1004)
2026-01-15 14:00:40.866566 VehicleControlMock [info] REGISTER EVENT(1004): [1234.5678.9c40:eventtype=0:is_provided=false:reliable=2]
2026-01-15 14:00:40.866571 VehicleControlMock [info] REGISTER EVENT(1004): [1234.5678.9c41:eventtype=0:is_provided=false:reliable=2]
2026-01-15 14:00:40.875923 VehicleControlMock [info] REQUEST(1004): [1234.5678:1.4294967295]
2026-01-15 14:00:40.876219 VehicleControlMock [info] SUBSCRIBE(1004): [1234.5678.1234:9c40:1]
2026-01-15 14:00:40.892902 VehicleControlMock [info] vSomeIP 3.5.8 | (default)
"[Mock] 📡 Distance: 36cm 🟡 CAUTION | Battery:  61% | Gear: R | Speed: 0"
"[Mock] 📡 Distance: 34cm 🟡 CAUTION | Battery:  58% | Gear: R | Speed: 0"
"[Mock] 📡 Distance: 32cm 🟡 CAUTION | Battery:  55% | Gear: R | Speed: 0"
"[Mock] 📡 Distance: 30cm 🟠 WARNING | Battery:  51% | Gear: R | Speed: 0"
"[Mock] 📡 Distance: 28cm 🟠 WARNING | Battery:  48% | Gear: R | Speed: 0"
"[Mock] 📡 Distance: 26cm 🟠 WARNING | Battery:  45% | Gear: R | Speed: 0"
"[Mock] 📡 Distance: 24cm 🟠 WARNING | Battery:  42% | Gear: R | Speed: 0"
"[Mock] 📡 Distance: 22cm 🟠 WARNING | Battery:  38% | Gear: R | Speed: 0"
"[Mock] 📡 Distance: 20cm 🟠 WARNING | Battery:  35% | Gear: R | Speed: 0"
"[Mock] 📡 Distance: 18cm 🟠 WARNING | Battery:  32% | Gear: R | Speed: 0"
"[Mock] 📡 Distance: 16cm 🟠 WARNING | Battery:  28% | Gear: R | Speed: 0"
"[Mock] 📡 Distance: 14cm 🔴 DANGER | Battery:  25% | Gear: R | Speed: 0"
"[Mock] 📡 Distance: 12cm 🔴 DANGER | Battery:  22% | Gear: R | Speed: 0"
"[Mock] 📡 Distance: 10cm 🔴 DANGER | Battery:  19% | Gear: R | Speed: 0"
"[Mock] 📡 Distance:  8cm 🔴 DANGER | Battery:  15% | Gear: R | Speed: 0"
"[Mock] 📡 Distance:  6cm 🔴 DANGER | Battery:  12% | Gear: R | Speed: 0"

═══════════════════════════════════════════════════════
[Mock] ✅ Simulation cycle complete!
       Final: Distance = 5cm, Battery = 10%
       🔄 Restarting in 3 seconds...
═══════════════════════════════════════════════════════

2026-01-15 14:00:50.893085 VehicleControlMock [info] vSomeIP 3.5.8 | (default)
[Mock] 🔄 Restarting simulation cycle
"[Mock] 📡 Distance: 58cm 🟢 SAFE | Battery:  97% | Gear: R | Speed: 0"
"[Mock] 📡 Distance: 56cm 🟢 SAFE | Battery:  94% | Gear: R | Speed: 0"
"[Mock] 📡 Distance: 54cm 🟢 SAFE | Battery:  91% | Gear: R | Speed: 0"
"[Mock] 📡 Distance: 52cm 🟢 SAFE | Battery:  87% | Gear: R | Speed: 0"
"[Mock] 📡 Distance: 50cm 🟡 CAUTION | Battery:  84% | Gear: R | Speed: 0"
"[Mock] 📡 Distance: 48cm 🟡 CAUTION | Battery:  81% | Gear: R | Speed: 0"
"[Mock] 📡 Distance: 46cm 🟡 CAUTION | Battery:  78% | Gear: R | Speed: 0"
2026-01-15 14:00:55.794727 VehicleControlMock [info] Application/Client 1004 is deregistering.
2026-01-15 14:00:55.794839 VehicleControlMock [info] UNSUBSCRIBE(1004): [1234.5678.1234.ffff]
2026-01-15 14:00:55.794863 VehicleControlMock [info] emb::remove_local: self 1001, client 1004
2026-01-15 14:00:55.794879 VehicleControlMock [info] lucei::receive_cbk: Error: Operation canceled | endpoint > 0x7e4be0000e20
2026-01-15 14:00:55.794885 VehicleControlMock [info] cei::shutdown_and_close_socket_unlocked: not recreating socket  endpoint > 0x7e4be0000e20 socket state > 0
2026-01-15 14:00:55.795004 VehicleControlMock [info] Client [1001] is closing connection to [1004] endpoint > 0x7e4be0000e20
2026-01-15 14:00:55.795117 VehicleControlMock [info] lusei::receive_cbk closing connection due to is_stopped 0, error 'End of file', is_error 0, endpoint > 0x5656e8c3fbb0
"[Mock] 📡 Distance: 44cm 🟡 CAUTION | Battery:  74% | Gear: R | Speed: 0"
"[Mock] 📡 Distance: 42cm 🟡 CAUTION | Battery:  71% | Gear: R | Speed: 0"
"[Mock] 📡 Distance: 40cm 🟡 CAUTION | Battery:  68% | Gear: R | Speed: 0"
"[Mock] 📡 Distance: 38cm 🟡 CAUTION | Battery:  64% | Gear: R | Speed: 0"
"[Mock] 📡 Distance: 36cm 🟡 CAUTION | Battery:  61% | Gear: R | Speed: 0"
"[Mock] 📡 Distance: 34cm 🟡 CAUTION | Battery:  58% | Gear: R | Speed: 0"
"[Mock] 📡 Distance: 32cm 🟡 CAUTION | Battery:  55% | Gear: R | Speed: 0"
"[Mock] 📡 Distance: 30cm 🟠 WARNING | Battery:  51% | Gear: R | Speed: 0"
"[Mock] 📡 Distance: 28cm 🟠 WARNING | Battery:  48% | Gear: R | Speed: 0"
"[Mock] 📡 Distance: 26cm 🟠 WARNING | Battery:  45% | Gear: R | Speed: 0"
2026-01-15 14:01:00.893221 VehicleControlMock [info] vSomeIP 3.5.8 | (default)
"[Mock] 📡 Distance: 24cm 🟠 WARNING | Battery:  42% | Gear: R | Speed: 0"
"[Mock] 📡 Distance: 22cm 🟠 WARNING | Battery:  38% | Gear: R | Speed: 0"
"[Mock] 📡 Distance: 20cm 🟠 WARNING | Battery:  35% | Gear: R | Speed: 0"
"[Mock] 📡 Distance: 18cm 🟠 WARNING | Battery:  32% | Gear: R | Speed: 0"
"[Mock] 📡 Distance: 16cm 🟠 WARNING | Battery:  28% | Gear: R | Speed: 0"
"[Mock] 📡 Distance: 14cm 🔴 DANGER | Battery:  25% | Gear: R | Speed: 0"
"[Mock] 📡 Distance: 12cm 🔴 DANGER | Battery:  22% | Gear: R | Speed: 0"
"[Mock] 📡 Distance: 10cm 🔴 DANGER | Battery:  19% | Gear: R | Speed: 0"
"[Mock] 📡 Distance:  8cm 🔴 DANGER | Battery:  15% | Gear: R | Speed: 0"
"[Mock] 📡 Distance:  6cm 🔴 DANGER | Battery:  12% | Gear: R | Speed: 0"

═══════════════════════════════════════════════════════
[Mock] ✅ Simulation cycle complete!
       Final: Distance = 5cm, Battery = 10%
       🔄 Restarting in 3 seconds...
═══════════════════════════════════════════════════════

[Mock] 🔄 Restarting simulation cycle
"[Mock] 📡 Distance: 58cm 🟢 SAFE | Battery:  97% | Gear: R | Speed: 0"
"[Mock] 📡 Distance: 56cm 🟢 SAFE | Battery:  94% | Gear: R | Speed: 0"
"[Mock] 📡 Distance: 54cm 🟢 SAFE | Battery:  91% | Gear: R | Speed: 0"
2026-01-15 14:01:10.893393 VehicleControlMock [info] vSomeIP 3.5.8 | (default)
"[Mock] 📡 Distance: 52cm 🟢 SAFE | Battery:  87% | Gear: R | Speed: 0"
"[Mock] 📡 Distance: 50cm 🟡 CAUTION | Battery:  84% | Gear: R | Speed: 0"
"[Mock] 📡 Distance: 48cm 🟡 CAUTION | Battery:  81% | Gear: R | Speed: 0"
"[Mock] 📡 Distance: 46cm 🟡 CAUTION | Battery:  78% | Gear: R | Speed: 0"
"[Mock] 📡 Distance: 44cm 🟡 CAUTION | Battery:  74% | Gear: R | Speed: 0"
"[Mock] 📡 Distance: 42cm 🟡 CAUTION | Battery:  71% | Gear: R | Speed: 0"
"[Mock] 📡 Distance: 40cm 🟡 CAUTION | Battery:  68% | Gear: R | Speed: 0"
"[Mock] 📡 Distance: 38cm 🟡 CAUTION | Battery:  64% | Gear: R | Speed: 0"
"[Mock] 📡 Distance: 36cm 🟡 CAUTION | Battery:  61% | Gear: R | Speed: 0"
"[Mock] 📡 Distance: 34cm 🟡 CAUTION | Battery:  58% | Gear: R | Speed: 0"
"[Mock] 📡 Distance: 32cm 🟡 CAUTION | Battery:  55% | Gear: R | Speed: 0"
"[Mock] 📡 Distance: 30cm 🟠 WARNING | Battery:  51% | Gear: R | Speed: 0"
"[Mock] 📡 Distance: 28cm 🟠 WARNING | Battery:  48% | Gear: R | Speed: 0"
"[Mock] 📡 Distance: 26cm 🟠 WARNING | Battery:  45% | Gear: R | Speed: 0"
"[Mock] 📡 Distance: 24cm 🟠 WARNING | Battery:  42% | Gear: R | Speed: 0"
"[Mock] 📡 Distance: 22cm 🟠 WARNING | Battery:  38% | Gear: R | Speed: 0"
"[Mock] 📡 Distance: 20cm 🟠 WARNING | Battery:  35% | Gear: R | Speed: 0"
"[Mock] 📡 Distance: 18cm 🟠 WARNING | Battery:  32% | Gear: R | Speed: 0"
"[Mock] 📡 Distance: 16cm 🟠 WARNING | Battery:  28% | Gear: R | Speed: 0"
"[Mock] 📡 Distance: 14cm 🔴 DANGER | Battery:  25% | Gear: R | Speed: 0"
2026-01-15 14:01:20.893588 VehicleControlMock [info] vSomeIP 3.5.8 | (default)
"[Mock] 📡 Distance: 12cm 🔴 DANGER | Battery:  22% | Gear: R | Speed: 0"
"[Mock] 📡 Distance: 10cm 🔴 DANGER | Battery:  19% | Gear: R | Speed: 0"
"[Mock] 📡 Distance:  8cm 🔴 DANGER | Battery:  15% | Gear: R | Speed: 0"
"[Mock] 📡 Distance:  6cm 🔴 DANGER | Battery:  12% | Gear: R | Speed: 0"

═══════════════════════════════════════════════════════
[Mock] ✅ Simulation cycle complete!
       Final: Distance = 5cm, Battery = 10%
       🔄 Restarting in 3 seconds...
═══════════════════════════════════════════════════════

[Mock] 🔄 Restarting simulation cycle
"[Mock] 📡 Distance: 58cm 🟢 SAFE | Battery:  97% | Gear: R | Speed: 0"
"[Mock] 📡 Distance: 56cm 🟢 SAFE | Battery:  94% | Gear: R | Speed: 0"
"[Mock] 📡 Distance: 54cm 🟢 SAFE | Battery:  91% | Gear: R | Speed: 0"
"[Mock] 📡 Distance: 52cm 🟢 SAFE | Battery:  87% | Gear: R | Speed: 0"
"[Mock] 📡 Distance: 50cm 🟡 CAUTION | Battery:  84% | Gear: R | Speed: 0"
"[Mock] 📡 Distance: 48cm 🟡 CAUTION | Battery:  81% | Gear: R | Speed: 0"
"[Mock] 📡 Distance: 46cm 🟡 CAUTION | Battery:  78% | Gear: R | Speed: 0"
"[Mock] 📡 Distance: 44cm 🟡 CAUTION | Battery:  74% | Gear: R | Speed: 0"
"[Mock] 📡 Distance: 42cm 🟡 CAUTION | Battery:  71% | Gear: R | Speed: 0"
2026-01-15 14:01:30.893775 VehicleControlMock [info] vSomeIP 3.5.8 | (default)
"[Mock] 📡 Distance: 40cm 🟡 CAUTION | Battery:  68% | Gear: R | Speed: 0"
"[Mock] 📡 Distance: 38cm 🟡 CAUTION | Battery:  64% | Gear: R | Speed: 0"
"[Mock] 📡 Distance: 36cm 🟡 CAUTION | Battery:  61% | Gear: R | Speed: 0"
"[Mock] 📡 Distance: 34cm 🟡 CAUTION | Battery:  58% | Gear: R | Speed: 0"
"[Mock] 📡 Distance: 32cm 🟡 CAUTION | Battery:  55% | Gear: R | Speed: 0"
"[Mock] 📡 Distance: 30cm 🟠 WARNING | Battery:  51% | Gear: R | Speed: 0"
"[Mock] 📡 Distance: 28cm 🟠 WARNING | Battery:  48% | Gear: R | Speed: 0"
"[Mock] 📡 Distance: 26cm 🟠 WARNING | Battery:  45% | Gear: R | Speed: 0"
"[Mock] 📡 Distance: 24cm 🟠 WARNING | Battery:  42% | Gear: R | Speed: 0"
"[Mock] 📡 Distance: 22cm 🟠 WARNING | Battery:  38% | Gear: R | Speed: 0"
"[Mock] 📡 Distance: 20cm 🟠 WARNING | Battery:  35% | Gear: R | Speed: 0"
"[Mock] 📡 Distance: 18cm 🟠 WARNING | Battery:  32% | Gear: R | Speed: 0"
"[Mock] 📡 Distance: 16cm 🟠 WARNING | Battery:  28% | Gear: R | Speed: 0"
"[Mock] 📡 Distance: 14cm 🔴 DANGER | Battery:  25% | Gear: R | Speed: 0"
"[Mock] 📡 Distance: 12cm 🔴 DANGER | Battery:  22% | Gear: R | Speed: 0"
"[Mock] 📡 Distance: 10cm 🔴 DANGER | Battery:  19% | Gear: R | Speed: 0"
"[Mock] 📡 Distance:  8cm 🔴 DANGER | Battery:  15% | Gear: R | Speed: 0"
"[Mock] 📡 Distance:  6cm 🔴 DANGER | Battery:  12% | Gear: R | Speed: 0"

═══════════════════════════════════════════════════════
[Mock] ✅ Simulation cycle complete!
       Final: Distance = 5cm, Battery = 10%
       🔄 Restarting in 3 seconds...
═══════════════════════════════════════════════════════

2026-01-15 14:01:40.893916 VehicleControlMock [info] vSomeIP 3.5.8 | (default)
[Mock] 🔄 Restarting simulation cycle
"[Mock] 📡 Distance: 58cm 🟢 SAFE | Battery:  97% | Gear: R | Speed: 0"
"[Mock] 📡 Distance: 56cm 🟢 SAFE | Battery:  94% | Gear: R | Speed: 0"
"[Mock] 📡 Distance: 54cm 🟢 SAFE | Battery:  91% | Gear: R | Speed: 0"
"[Mock] 📡 Distance: 52cm 🟢 SAFE | Battery:  87% | Gear: R | Speed: 0"
"[Mock] 📡 Distance: 50cm 🟡 CAUTION | Battery:  84% | Gear: R | Speed: 0"
"[Mock] 📡 Distance: 48cm 🟡 CAUTION | Battery:  81% | Gear: R | Speed: 0"
"[Mock] 📡 Distance: 46cm 🟡 CAUTION | Battery:  78% | Gear: R | Speed: 0"
"[Mock] 📡 Distance: 44cm 🟡 CAUTION | Battery:  74% | Gear: R | Speed: 0"
"[Mock] 📡 Distance: 42cm 🟡 CAUTION | Battery:  71% | Gear: R | Speed: 0"
"[Mock] 📡 Distance: 40cm 🟡 CAUTION | Battery:  68% | Gear: R | Speed: 0"
"[Mock] 📡 Distance: 38cm 🟡 CAUTION | Battery:  64% | Gear: R | Speed: 0"
"[Mock] 📡 Distance: 36cm 🟡 CAUTION | Battery:  61% | Gear: R | Speed: 0"
"[Mock] 📡 Distance: 34cm 🟡 CAUTION | Battery:  58% | Gear: R | Speed: 0"
"[Mock] 📡 Distance: 32cm 🟡 CAUTION | Battery:  55% | Gear: R | Speed: 0"
"[Mock] 📡 Distance: 30cm 🟠 WARNING | Battery:  51% | Gear: R | Speed: 0"
2026-01-15 14:01:50.894072 VehicleControlMock [info] vSomeIP 3.5.8 | (default)
"[Mock] 📡 Distance: 28cm 🟠 WARNING | Battery:  48% | Gear: R | Speed: 0"
"[Mock] 📡 Distance: 26cm 🟠 WARNING | Battery:  45% | Gear: R | Speed: 0"
"[Mock] 📡 Distance: 24cm 🟠 WARNING | Battery:  42% | Gear: R | Speed: 0"
"[Mock] 📡 Distance: 22cm 🟠 WARNING | Battery:  38% | Gear: R | Speed: 0"
"[Mock] 📡 Distance: 20cm 🟠 WARNING | Battery:  35% | Gear: R | Speed: 0"
"[Mock] 📡 Distance: 18cm 🟠 WARNING | Battery:  32% | Gear: R | Speed: 0"
"[Mock] 📡 Distance: 16cm 🟠 WARNING | Battery:  28% | Gear: R | Speed: 0"
"[Mock] 📡 Distance: 14cm 🔴 DANGER | Battery:  25% | Gear: R | Speed: 0"
"[Mock] 📡 Distance: 12cm 🔴 DANGER | Battery:  22% | Gear: R | Speed: 0"
"[Mock] 📡 Distance: 10cm 🔴 DANGER | Battery:  19% | Gear: R | Speed: 0"
"[Mock] 📡 Distance:  8cm 🔴 DANGER | Battery:  15% | Gear: R | Speed: 0"
"[Mock] 📡 Distance:  6cm 🔴 DANGER | Battery:  12% | Gear: R | Speed: 0"

═══════════════════════════════════════════════════════
[Mock] ✅ Simulation cycle complete!
       Final: Distance = 5cm, Battery = 10%
       🔄 Restarting in 3 seconds...
═══════════════════════════════════════════════════════

[Mock] 🔄 Restarting simulation cycle
"[Mock] 📡 Distance: 58cm 🟢 SAFE | Battery:  97% | Gear: R | Speed: 0"
2026-01-15 14:02:00.894412 VehicleControlMock [info] vSomeIP 3.5.8 | (default)
"[Mock] 📡 Distance: 56cm 🟢 SAFE | Battery:  94% | Gear: R | Speed: 0"
"[Mock] 📡 Distance: 54cm 🟢 SAFE | Battery:  91% | Gear: R | Speed: 0"
"[Mock] 📡 Distance: 52cm 🟢 SAFE | Battery:  87% | Gear: R | Speed: 0"
"[Mock] 📡 Distance: 50cm 🟡 CAUTION | Battery:  84% | Gear: R | Speed: 0"
"[Mock] 📡 Distance: 48cm 🟡 CAUTION | Battery:  81% | Gear: R | Speed: 0"
"[Mock] 📡 Distance: 46cm 🟡 CAUTION | Battery:  78% | Gear: R | Speed: 0"
"[Mock] 📡 Distance: 44cm 🟡 CAUTION | Battery:  74% | Gear: R | Speed: 0"
"[Mock] 📡 Distance: 42cm 🟡 CAUTION | Battery:  71% | Gear: R | Speed: 0"
"[Mock] 📡 Distance: 40cm 🟡 CAUTION | Battery:  68% | Gear: R | Speed: 0"
"[Mock] 📡 Distance: 38cm 🟡 CAUTION | Battery:  64% | Gear: R | Speed: 0"
"[Mock] 📡 Distance: 36cm 🟡 CAUTION | Battery:  61% | Gear: R | Speed: 0"
"[Mock] 📡 Distance: 34cm 🟡 CAUTION | Battery:  58% | Gear: R | Speed: 0"
"[Mock] 📡 Distance: 32cm 🟡 CAUTION | Battery:  55% | Gear: R | Speed: 0"
"[Mock] 📡 Distance: 30cm 🟠 WARNING | Battery:  51% | Gear: R | Speed: 0"
"[Mock] 📡 Distance: 28cm 🟠 WARNING | Battery:  48% | Gear: R | Speed: 0"
"[Mock] 📡 Distance: 26cm 🟠 WARNING | Battery:  45% | Gear: R | Speed: 0"
"[Mock] 📡 Distance: 24cm 🟠 WARNING | Battery:  42% | Gear: R | Speed: 0"
"[Mock] 📡 Distance: 22cm 🟠 WARNING | Battery:  38% | Gear: R | Speed: 0"
"[Mock] 📡 Distance: 20cm 🟠 WARNING | Battery:  35% | Gear: R | Speed: 0"
"[Mock] 📡 Distance: 18cm 🟠 WARNING | Battery:  32% | Gear: R | Speed: 0"
2026-01-15 14:02:10.894632 VehicleControlMock [info] vSomeIP 3.5.8 | (default)
"[Mock] 📡 Distance: 16cm 🟠 WARNING | Battery:  28% | Gear: R | Speed: 0"
"[Mock] 📡 Distance: 14cm 🔴 DANGER | Battery:  25% | Gear: R | Speed: 0"
"[Mock] 📡 Distance: 12cm 🔴 DANGER | Battery:  22% | Gear: R | Speed: 0"
"[Mock] 📡 Distance: 10cm 🔴 DANGER | Battery:  19% | Gear: R | Speed: 0"
"[Mock] 📡 Distance:  8cm 🔴 DANGER | Battery:  15% | Gear: R | Speed: 0"
"[Mock] 📡 Distance:  6cm 🔴 DANGER | Battery:  12% | Gear: R | Speed: 0"

═══════════════════════════════════════════════════════
[Mock] ✅ Simulation cycle complete!
       Final: Distance = 5cm, Battery = 10%
       🔄 Restarting in 3 seconds...
═══════════════════════════════════════════════════════

[Mock] 🔄 Restarting simulation cycle
"[Mock] 📡 Distance: 58cm 🟢 SAFE | Battery:  97% | Gear: R | Speed: 0"
"[Mock] 📡 Distance: 56cm 🟢 SAFE | Battery:  94% | Gear: R | Speed: 0"
"[Mock] 📡 Distance: 54cm 🟢 SAFE | Battery:  91% | Gear: R | Speed: 0"
"[Mock] 📡 Distance: 52cm 🟢 SAFE | Battery:  87% | Gear: R | Speed: 0"
"[Mock] 📡 Distance: 50cm 🟡 CAUTION | Battery:  84% | Gear: R | Speed: 0"
"[Mock] 📡 Distance: 48cm 🟡 CAUTION | Battery:  81% | Gear: R | Speed: 0"
"[Mock] 📡 Distance: 46cm 🟡 CAUTION | Battery:  78% | Gear: R | Speed: 0"
2026-01-15 14:02:20.894720 VehicleControlMock [info] vSomeIP 3.5.8 | (default)
"[Mock] 📡 Distance: 44cm 🟡 CAUTION | Battery:  74% | Gear: R | Speed: 0"
"[Mock] 📡 Distance: 42cm 🟡 CAUTION | Battery:  71% | Gear: R | Speed: 0"
"[Mock] 📡 Distance: 40cm 🟡 CAUTION | Battery:  68% | Gear: R | Speed: 0"
"[Mock] 📡 Distance: 38cm 🟡 CAUTION | Battery:  64% | Gear: R | Speed: 0"
"[Mock] 📡 Distance: 36cm 🟡 CAUTION | Battery:  61% | Gear: R | Speed: 0"
"[Mock] 📡 Distance: 34cm 🟡 CAUTION | Battery:  58% | Gear: R | Speed: 0"
"[Mock] 📡 Distance: 32cm 🟡 CAUTION | Battery:  55% | Gear: R | Speed: 0"
"[Mock] 📡 Distance: 30cm 🟠 WARNING | Battery:  51% | Gear: R | Speed: 0"
"[Mock] 📡 Distance: 28cm 🟠 WARNING | Battery:  48% | Gear: R | Speed: 0"
"[Mock] 📡 Distance: 26cm 🟠 WARNING | Battery:  45% | Gear: R | Speed: 0"
"[Mock] 📡 Distance: 24cm 🟠 WARNING | Battery:  42% | Gear: R | Speed: 0"
"[Mock] 📡 Distance: 22cm 🟠 WARNING | Battery:  38% | Gear: R | Speed: 0"
"[Mock] 📡 Distance: 20cm 🟠 WARNING | Battery:  35% | Gear: R | Speed: 0"
"[Mock] 📡 Distance: 18cm 🟠 WARNING | Battery:  32% | Gear: R | Speed: 0"
"[Mock] 📡 Distance: 16cm 🟠 WARNING | Battery:  28% | Gear: R | Speed: 0"
"[Mock] 📡 Distance: 14cm 🔴 DANGER | Battery:  25% | Gear: R | Speed: 0"
"[Mock] 📡 Distance: 12cm 🔴 DANGER | Battery:  22% | Gear: R | Speed: 0"
"[Mock] 📡 Distance: 10cm 🔴 DANGER | Battery:  19% | Gear: R | Speed: 0"
"[Mock] 📡 Distance:  8cm 🔴 DANGER | Battery:  15% | Gear: R | Speed: 0"
"[Mock] 📡 Distance:  6cm 🔴 DANGER | Battery:  12% | Gear: R | Speed: 0"
2026-01-15 14:02:30.894771 VehicleControlMock [info] vSomeIP 3.5.8 | (default)

═══════════════════════════════════════════════════════
[Mock] ✅ Simulation cycle complete!
       Final: Distance = 5cm, Battery = 10%
       🔄 Restarting in 3 seconds...
═══════════════════════════════════════════════════════

[Mock] 🔄 Restarting simulation cycle
"[Mock] 📡 Distance: 58cm 🟢 SAFE | Battery:  97% | Gear: R | Speed: 0"
"[Mock] 📡 Distance: 56cm 🟢 SAFE | Battery:  94% | Gear: R | Speed: 0"
"[Mock] 📡 Distance: 54cm 🟢 SAFE | Battery:  91% | Gear: R | Speed: 0"
"[Mock] 📡 Distance: 52cm 🟢 SAFE | Battery:  87% | Gear: R | Speed: 0"
"[Mock] 📡 Distance: 50cm 🟡 CAUTION | Battery:  84% | Gear: R | Speed: 0"
"[Mock] 📡 Distance: 48cm 🟡 CAUTION | Battery:  81% | Gear: R | Speed: 0"
"[Mock] 📡 Distance: 46cm 🟡 CAUTION | Battery:  78% | Gear: R | Speed: 0"
"[Mock] 📡 Distance: 44cm 🟡 CAUTION | Battery:  74% | Gear: R | Speed: 0"
"[Mock] 📡 Distance: 42cm 🟡 CAUTION | Battery:  71% | Gear: R | Speed: 0"
"[Mock] 📡 Distance: 40cm 🟡 CAUTION | Battery:  68% | Gear: R | Speed: 0"
"[Mock] 📡 Distance: 38cm 🟡 CAUTION | Battery:  64% | Gear: R | Speed: 0"
"[Mock] 📡 Distance: 36cm 🟡 CAUTION | Battery:  61% | Gear: R | Speed: 0"
"[Mock] 📡 Distance: 34cm 🟡 CAUTION | Battery:  58% | Gear: R | Speed: 0"
2026-01-15 14:02:40.894858 VehicleControlMock [info] vSomeIP 3.5.8 | (default)
"[Mock] 📡 Distance: 32cm 🟡 CAUTION | Battery:  55% | Gear: R | Speed: 0"
"[Mock] 📡 Distance: 30cm 🟠 WARNING | Battery:  51% | Gear: R | Speed: 0"
"[Mock] 📡 Distance: 28cm 🟠 WARNING | Battery:  48% | Gear: R | Speed: 0"
"[Mock] 📡 Distance: 26cm 🟠 WARNING | Battery:  45% | Gear: R | Speed: 0"
"[Mock] 📡 Distance: 24cm 🟠 WARNING | Battery:  42% | Gear: R | Speed: 0"
"[Mock] 📡 Distance: 22cm 🟠 WARNING | Battery:  38% | Gear: R | Speed: 0"
"[Mock] 📡 Distance: 20cm 🟠 WARNING | Battery:  35% | Gear: R | Speed: 0"
"[Mock] 📡 Distance: 18cm 🟠 WARNING | Battery:  32% | Gear: R | Speed: 0"
"[Mock] 📡 Distance: 16cm 🟠 WARNING | Battery:  28% | Gear: R | Speed: 0"
"[Mock] 📡 Distance: 14cm 🔴 DANGER | Battery:  25% | Gear: R | Speed: 0"
"[Mock] 📡 Distance: 12cm 🔴 DANGER | Battery:  22% | Gear: R | Speed: 0"
"[Mock] 📡 Distance: 10cm 🔴 DANGER | Battery:  19% | Gear: R | Speed: 0"
"[Mock] 📡 Distance:  8cm 🔴 DANGER | Battery:  15% | Gear: R | Speed: 0"
"[Mock] 📡 Distance:  6cm 🔴 DANGER | Battery:  12% | Gear: R | Speed: 0"

═══════════════════════════════════════════════════════
[Mock] ✅ Simulation cycle complete!
       Final: Distance = 5cm, Battery = 10%
       🔄 Restarting in 3 seconds...
═══════════════════════════════════════════════════════

2026-01-15 14:02:50.894922 VehicleControlMock [info] vSomeIP 3.5.8 | (default)
[Mock] 🔄 Restarting simulation cycle
"[Mock] 📡 Distance: 58cm 🟢 SAFE | Battery:  97% | Gear: R | Speed: 0"
"[Mock] 📡 Distance: 56cm 🟢 SAFE | Battery:  94% | Gear: R | Speed: 0"
"[Mock] 📡 Distance: 54cm 🟢 SAFE | Battery:  91% | Gear: R | Speed: 0"
"[Mock] 📡 Distance: 52cm 🟢 SAFE | Battery:  87% | Gear: R | Speed: 0"
"[Mock] 📡 Distance: 50cm 🟡 CAUTION | Battery:  84% | Gear: R | Speed: 0"
"[Mock] 📡 Distance: 48cm 🟡 CAUTION | Battery:  81% | Gear: R | Speed: 0"
"[Mock] 📡 Distance: 46cm 🟡 CAUTION | Battery:  78% | Gear: R | Speed: 0"
2026-01-15 14:02:54.812288 VehicleControlMock [info] Application/Client 1005 is registering.
2026-01-15 14:02:54.812471 VehicleControlMock [info] emb::find_or_create_local: self 1001, client 1005
2026-01-15 14:02:54.812492 VehicleControlMock [info] Client [1001] is connecting to [1005] at /tmp/vsomeip-1005 endpoint > 0x7e4be0000e20
2026-01-15 14:02:54.812524 VehicleControlMock [info] cei::wait_connecting_cbk: endpoint > 0x7e4be0000e20 socket state > 2
2026-01-15 14:02:54.812759 VehicleControlMock [info] REGISTERED_ACK(1005)
2026-01-15 14:02:54.812785 VehicleControlMock [info] REGISTER EVENT(1005): [1234.5678.9c40:eventtype=0:is_provided=false:reliable=2]
2026-01-15 14:02:54.812789 VehicleControlMock [info] REGISTER EVENT(1005): [1234.5678.9c41:eventtype=0:is_provided=false:reliable=2]
2026-01-15 14:02:54.821912 VehicleControlMock [info] REQUEST(1005): [1234.5678:1.4294967295]
2026-01-15 14:02:54.822104 VehicleControlMock [info] SUBSCRIBE(1005): [1234.5678.1234:9c40:1]
"[Mock] 📡 Distance: 44cm 🟡 CAUTION | Battery:  74% | Gear: R | Speed: 0"
"[Mock] 📡 Distance: 42cm 🟡 CAUTION | Battery:  71% | Gear: R | Speed: 0"
"[Mock] 📡 Distance: 40cm 🟡 CAUTION | Battery:  68% | Gear: R | Speed: 0"
"[Mock] 📡 Distance: 38cm 🟡 CAUTION | Battery:  64% | Gear: R | Speed: 0"
"[Mock] 📡 Distance: 36cm 🟡 CAUTION | Battery:  61% | Gear: R | Speed: 0"
"[Mock] 📡 Distance: 34cm 🟡 CAUTION | Battery:  58% | Gear: R | Speed: 0"
"[Mock] 📡 Distance: 32cm 🟡 CAUTION | Battery:  55% | Gear: R | Speed: 0"
"[Mock] 📡 Distance: 30cm 🟠 WARNING | Battery:  51% | Gear: R | Speed: 0"
"[Mock] 📡 Distance: 28cm 🟠 WARNING | Battery:  48% | Gear: R | Speed: 0"
"[Mock] 📡 Distance: 26cm 🟠 WARNING | Battery:  45% | Gear: R | Speed: 0"
"[Mock] 📡 Distance: 24cm 🟠 WARNING | Battery:  42% | Gear: R | Speed: 0"
"[Mock] 📡 Distance: 22cm 🟠 WARNING | Battery:  38% | Gear: R | Speed: 0"
2026-01-15 14:03:00.895071 VehicleControlMock [info] vSomeIP 3.5.8 | (default)
"[Mock] 📡 Distance: 20cm 🟠 WARNING | Battery:  35% | Gear: R | Speed: 0"
"[Mock] 📡 Distance: 18cm 🟠 WARNING | Battery:  32% | Gear: R | Speed: 0"
"[Mock] 📡 Distance: 16cm 🟠 WARNING | Battery:  28% | Gear: R | Speed: 0"
"[Mock] 📡 Distance: 14cm 🔴 DANGER | Battery:  25% | Gear: R | Speed: 0"
"[Mock] 📡 Distance: 12cm 🔴 DANGER | Battery:  22% | Gear: R | Speed: 0"
"[Mock] 📡 Distance: 10cm 🔴 DANGER | Battery:  19% | Gear: R | Speed: 0"
"[Mock] 📡 Distance:  8cm 🔴 DANGER | Battery:  15% | Gear: R | Speed: 0"
"[Mock] 📡 Distance:  6cm 🔴 DANGER | Battery:  12% | Gear: R | Speed: 0"
2026-01-15 14:03:04.734082 VehicleControlMock [info] Application/Client 1005 is deregistering.
2026-01-15 14:03:04.734292 VehicleControlMock [info] UNSUBSCRIBE(1005): [1234.5678.1234.ffff]
2026-01-15 14:03:04.734321 VehicleControlMock [info] emb::remove_local: self 1001, client 1005
2026-01-15 14:03:04.734346 VehicleControlMock [info] cei::shutdown_and_close_socket_unlocked: not recreating socket  endpoint > 0x7e4be0000e20 socket state > 0
2026-01-15 14:03:04.734349 VehicleControlMock [info] Client [1001] is closing connection to [1005] endpoint > 0x7e4be0000e20
2026-01-15 14:03:04.734444 VehicleControlMock [info] lucei::receive_cbk: Error: Operation canceled | endpoint > 0x7e4be0000e20
2026-01-15 14:03:04.734481 VehicleControlMock [info] lusei::receive_cbk closing connection due to is_stopped 0, error 'End of file', is_error 0, endpoint > 0x7e4bec002240

═══════════════════════════════════════════════════════
[Mock] ✅ Simulation cycle complete!
       Final: Distance = 5cm, Battery = 10%
       🔄 Restarting in 3 seconds...
═══════════════════════════════════════════════════════

[Mock] 🔄 Restarting simulation cycle
"[Mock] 📡 Distance: 58cm 🟢 SAFE | Battery:  97% | Gear: R | Speed: 0"
"[Mock] 📡 Distance: 56cm 🟢 SAFE | Battery:  94% | Gear: R | Speed: 0"
"[Mock] 📡 Distance: 54cm 🟢 SAFE | Battery:  91% | Gear: R | Speed: 0"
"[Mock] 📡 Distance: 52cm 🟢 SAFE | Battery:  87% | Gear: R | Speed: 0"
"[Mock] 📡 Distance: 50cm 🟡 CAUTION | Battery:  84% | Gear: R | Speed: 0"
2026-01-15 14:03:10.895314 VehicleControlMock [info] vSomeIP 3.5.8 | (default)
"[Mock] 📡 Distance: 48cm 🟡 CAUTION | Battery:  81% | Gear: R | Speed: 0"
"[Mock] 📡 Distance: 46cm 🟡 CAUTION | Battery:  78% | Gear: R | Speed: 0"
"[Mock] 📡 Distance: 44cm 🟡 CAUTION | Battery:  74% | Gear: R | Speed: 0"
"[Mock] 📡 Distance: 42cm 🟡 CAUTION | Battery:  71% | Gear: R | Speed: 0"
"[Mock] 📡 Distance: 40cm 🟡 CAUTION | Battery:  68% | Gear: R | Speed: 0"
"[Mock] 📡 Distance: 38cm 🟡 CAUTION | Battery:  64% | Gear: R | Speed: 0"
"[Mock] 📡 Distance: 36cm 🟡 CAUTION | Battery:  61% | Gear: R | Speed: 0"
"[Mock] 📡 Distance: 34cm 🟡 CAUTION | Battery:  58% | Gear: R | Speed: 0"
"[Mock] 📡 Distance: 32cm 🟡 CAUTION | Battery:  55% | Gear: R | Speed: 0"
"[Mock] 📡 Distance: 30cm 🟠 WARNING | Battery:  51% | Gear: R | Speed: 0"
"[Mock] 📡 Distance: 28cm 🟠 WARNING | Battery:  48% | Gear: R | Speed: 0"
"[Mock] 📡 Distance: 26cm 🟠 WARNING | Battery:  45% | Gear: R | Speed: 0"
"[Mock] 📡 Distance: 24cm 🟠 WARNING | Battery:  42% | Gear: R | Speed: 0"
"[Mock] 📡 Distance: 22cm 🟠 WARNING | Battery:  38% | Gear: R | Speed: 0"
"[Mock] 📡 Distance: 20cm 🟠 WARNING | Battery:  35% | Gear: R | Speed: 0"
"[Mock] 📡 Distance: 18cm 🟠 WARNING | Battery:  32% | Gear: R | Speed: 0"
"[Mock] 📡 Distance: 16cm 🟠 WARNING | Battery:  28% | Gear: R | Speed: 0"
"[Mock] 📡 Distance: 14cm 🔴 DANGER | Battery:  25% | Gear: R | Speed: 0"
"[Mock] 📡 Distance: 12cm 🔴 DANGER | Battery:  22% | Gear: R | Speed: 0"
"[Mock] 📡 Distance: 10cm 🔴 DANGER | Battery:  19% | Gear: R | Speed: 0"
2026-01-15 14:03:20.895565 VehicleControlMock [info] vSomeIP 3.5.8 | (default)
"[Mock] 📡 Distance:  8cm 🔴 DANGER | Battery:  15% | Gear: R | Speed: 0"
"[Mock] 📡 Distance:  6cm 🔴 DANGER | Battery:  12% | Gear: R | Speed: 0"

═══════════════════════════════════════════════════════
[Mock] ✅ Simulation cycle complete!
       Final: Distance = 5cm, Battery = 10%
       🔄 Restarting in 3 seconds...
═══════════════════════════════════════════════════════

[Mock] 🔄 Restarting simulation cycle
"[Mock] 📡 Distance: 58cm 🟢 SAFE | Battery:  97% | Gear: R | Speed: 0"
"[Mock] 📡 Distance: 56cm 🟢 SAFE | Battery:  94% | Gear: R | Speed: 0"
"[Mock] 📡 Distance: 54cm 🟢 SAFE | Battery:  91% | Gear: R | Speed: 0"
"[Mock] 📡 Distance: 52cm 🟢 SAFE | Battery:  87% | Gear: R | Speed: 0"
"[Mock] 📡 Distance: 50cm 🟡 CAUTION | Battery:  84% | Gear: R | Speed: 0"
"[Mock] 📡 Distance: 48cm 🟡 CAUTION | Battery:  81% | Gear: R | Speed: 0"
"[Mock] 📡 Distance: 46cm 🟡 CAUTION | Battery:  78% | Gear: R | Speed: 0"
"[Mock] 📡 Distance: 44cm 🟡 CAUTION | Battery:  74% | Gear: R | Speed: 0"
"[Mock] 📡 Distance: 42cm 🟡 CAUTION | Battery:  71% | Gear: R | Speed: 0"
"[Mock] 📡 Distance: 40cm 🟡 CAUTION | Battery:  68% | Gear: R | Speed: 0"
"[Mock] 📡 Distance: 38cm 🟡 CAUTION | Battery:  64% | Gear: R | Speed: 0"
2026-01-15 14:03:30.895829 VehicleControlMock [info] vSomeIP 3.5.8 | (default)
"[Mock] 📡 Distance: 36cm 🟡 CAUTION | Battery:  61% | Gear: R | Speed: 0"
"[Mock] 📡 Distance: 34cm 🟡 CAUTION | Battery:  58% | Gear: R | Speed: 0"
"[Mock] 📡 Distance: 32cm 🟡 CAUTION | Battery:  55% | Gear: R | Speed: 0"
"[Mock] 📡 Distance: 30cm 🟠 WARNING | Battery:  51% | Gear: R | Speed: 0"
"[Mock] 📡 Distance: 28cm 🟠 WARNING | Battery:  48% | Gear: R | Speed: 0"
"[Mock] 📡 Distance: 26cm 🟠 WARNING | Battery:  45% | Gear: R | Speed: 0"
"[Mock] 📡 Distance: 24cm 🟠 WARNING | Battery:  42% | Gear: R | Speed: 0"
"[Mock] 📡 Distance: 22cm 🟠 WARNING | Battery:  38% | Gear: R | Speed: 0"
"[Mock] 📡 Distance: 20cm 🟠 WARNING | Battery:  35% | Gear: R | Speed: 0"
"[Mock] 📡 Distance: 18cm 🟠 WARNING | Battery:  32% | Gear: R | Speed: 0"
"[Mock] 📡 Distance: 16cm 🟠 WARNING | Battery:  28% | Gear: R | Speed: 0"
"[Mock] 📡 Distance: 14cm 🔴 DANGER | Battery:  25% | Gear: R | Speed: 0"
"[Mock] 📡 Distance: 12cm 🔴 DANGER | Battery:  22% | Gear: R | Speed: 0"
"[Mock] 📡 Distance: 10cm 🔴 DANGER | Battery:  19% | Gear: R | Speed: 0"
"[Mock] 📡 Distance:  8cm 🔴 DANGER | Battery:  15% | Gear: R | Speed: 0"
"[Mock] 📡 Distance:  6cm 🔴 DANGER | Battery:  12% | Gear: R | Speed: 0"

═══════════════════════════════════════════════════════
[Mock] ✅ Simulation cycle complete!
       Final: Distance = 5cm, Battery = 10%
       🔄 Restarting in 3 seconds...
═══════════════════════════════════════════════════════

2026-01-15 14:03:40.896087 VehicleControlMock [info] vSomeIP 3.5.8 | (default)
[Mock] 🔄 Restarting simulation cycle
"[Mock] 📡 Distance: 58cm 🟢 SAFE | Battery:  97% | Gear: R | Speed: 0"
"[Mock] 📡 Distance: 56cm 🟢 SAFE | Battery:  94% | Gear: R | Speed: 0"
"[Mock] 📡 Distance: 54cm 🟢 SAFE | Battery:  91% | Gear: R | Speed: 0"
"[Mock] 📡 Distance: 52cm 🟢 SAFE | Battery:  87% | Gear: R | Speed: 0"
"[Mock] 📡 Distance: 50cm 🟡 CAUTION | Battery:  84% | Gear: R | Speed: 0"
"[Mock] 📡 Distance: 48cm 🟡 CAUTION | Battery:  81% | Gear: R | Speed: 0"
"[Mock] 📡 Distance: 46cm 🟡 CAUTION | Battery:  78% | Gear: R | Speed: 0"
"[Mock] 📡 Distance: 44cm 🟡 CAUTION | Battery:  74% | Gear: R | Speed: 0"
"[Mock] 📡 Distance: 42cm 🟡 CAUTION | Battery:  71% | Gear: R | Speed: 0"
"[Mock] 📡 Distance: 40cm 🟡 CAUTION | Battery:  68% | Gear: R | Speed: 0"
"[Mock] 📡 Distance: 38cm 🟡 CAUTION | Battery:  64% | Gear: R | Speed: 0"
"[Mock] 📡 Distance: 36cm 🟡 CAUTION | Battery:  61% | Gear: R | Speed: 0"
"[Mock] 📡 Distance: 34cm 🟡 CAUTION | Battery:  58% | Gear: R | Speed: 0"
"[Mock] 📡 Distance: 32cm 🟡 CAUTION | Battery:  55% | Gear: R | Speed: 0"
"[Mock] 📡 Distance: 30cm 🟠 WARNING | Battery:  51% | Gear: R | Speed: 0"
"[Mock] 📡 Distance: 28cm 🟠 WARNING | Battery:  48% | Gear: R | Speed: 0"
"[Mock] 📡 Distance: 26cm 🟠 WARNING | Battery:  45% | Gear: R | Speed: 0"
2026-01-15 14:03:50.896206 VehicleControlMock [info] vSomeIP 3.5.8 | (default)
"[Mock] 📡 Distance: 24cm 🟠 WARNING | Battery:  42% | Gear: R | Speed: 0"
"[Mock] 📡 Distance: 22cm 🟠 WARNING | Battery:  38% | Gear: R | Speed: 0"
"[Mock] 📡 Distance: 20cm 🟠 WARNING | Battery:  35% | Gear: R | Speed: 0"
"[Mock] 📡 Distance: 18cm 🟠 WARNING | Battery:  32% | Gear: R | Speed: 0"
"[Mock] 📡 Distance: 16cm 🟠 WARNING | Battery:  28% | Gear: R | Speed: 0"
"[Mock] 📡 Distance: 14cm 🔴 DANGER | Battery:  25% | Gear: R | Speed: 0"
"[Mock] 📡 Distance: 12cm 🔴 DANGER | Battery:  22% | Gear: R | Speed: 0"
"[Mock] 📡 Distance: 10cm 🔴 DANGER | Battery:  19% | Gear: R | Speed: 0"
"[Mock] 📡 Distance:  8cm 🔴 DANGER | Battery:  15% | Gear: R | Speed: 0"
"[Mock] 📡 Distance:  6cm 🔴 DANGER | Battery:  12% | Gear: R | Speed: 0"

═══════════════════════════════════════════════════════
[Mock] ✅ Simulation cycle complete!
       Final: Distance = 5cm, Battery = 10%
       🔄 Restarting in 3 seconds...
═══════════════════════════════════════════════════════

[Mock] 🔄 Restarting simulation cycle
"[Mock] 📡 Distance: 58cm 🟢 SAFE | Battery:  97% | Gear: R | Speed: 0"
"[Mock] 📡 Distance: 56cm 🟢 SAFE | Battery:  94% | Gear: R | Speed: 0"
"[Mock] 📡 Distance: 54cm 🟢 SAFE | Battery:  91% | Gear: R | Speed: 0"
2026-01-15 14:04:00.896434 VehicleControlMock [info] vSomeIP 3.5.8 | (default)
"[Mock] 📡 Distance: 52cm 🟢 SAFE | Battery:  87% | Gear: R | Speed: 0"
"[Mock] 📡 Distance: 50cm 🟡 CAUTION | Battery:  84% | Gear: R | Speed: 0"
"[Mock] 📡 Distance: 48cm 🟡 CAUTION | Battery:  81% | Gear: R | Speed: 0"
"[Mock] 📡 Distance: 46cm 🟡 CAUTION | Battery:  78% | Gear: R | Speed: 0"
"[Mock] 📡 Distance: 44cm 🟡 CAUTION | Battery:  74% | Gear: R | Speed: 0"
"[Mock] 📡 Distance: 42cm 🟡 CAUTION | Battery:  71% | Gear: R | Speed: 0"
"[Mock] 📡 Distance: 40cm 🟡 CAUTION | Battery:  68% | Gear: R | Speed: 0"
"[Mock] 📡 Distance: 38cm 🟡 CAUTION | Battery:  64% | Gear: R | Speed: 0"
"[Mock] 📡 Distance: 36cm 🟡 CAUTION | Battery:  61% | Gear: R | Speed: 0"
"[Mock] 📡 Distance: 34cm 🟡 CAUTION | Battery:  58% | Gear: R | Speed: 0"
"[Mock] 📡 Distance: 32cm 🟡 CAUTION | Battery:  55% | Gear: R | Speed: 0"
"[Mock] 📡 Distance: 30cm 🟠 WARNING | Battery:  51% | Gear: R | Speed: 0"
"[Mock] 📡 Distance: 28cm 🟠 WARNING | Battery:  48% | Gear: R | Speed: 0"
"[Mock] 📡 Distance: 26cm 🟠 WARNING | Battery:  45% | Gear: R | Speed: 0"
"[Mock] 📡 Distance: 24cm 🟠 WARNING | Battery:  42% | Gear: R | Speed: 0"
"[Mock] 📡 Distance: 22cm 🟠 WARNING | Battery:  38% | Gear: R | Speed: 0"
"[Mock] 📡 Distance: 20cm 🟠 WARNING | Battery:  35% | Gear: R | Speed: 0"
"[Mock] 📡 Distance: 18cm 🟠 WARNING | Battery:  32% | Gear: R | Speed: 0"
"[Mock] 📡 Distance: 16cm 🟠 WARNING | Battery:  28% | Gear: R | Speed: 0"
"[Mock] 📡 Distance: 14cm 🔴 DANGER | Battery:  25% | Gear: R | Speed: 0"
2026-01-15 14:04:10.896487 VehicleControlMock [info] vSomeIP 3.5.8 | (default)
"[Mock] 📡 Distance: 12cm 🔴 DANGER | Battery:  22% | Gear: R | Speed: 0"
"[Mock] 📡 Distance: 10cm 🔴 DANGER | Battery:  19% | Gear: R | Speed: 0"
"[Mock] 📡 Distance:  8cm 🔴 DANGER | Battery:  15% | Gear: R | Speed: 0"
"[Mock] 📡 Distance:  6cm 🔴 DANGER | Battery:  12% | Gear: R | Speed: 0"

═══════════════════════════════════════════════════════
[Mock] ✅ Simulation cycle complete!
       Final: Distance = 5cm, Battery = 10%
       🔄 Restarting in 3 seconds...
═══════════════════════════════════════════════════════

2026-01-15 14:04:14.877305 VehicleControlMock [info] Application/Client 1006 is registering.
2026-01-15 14:04:14.877336 VehicleControlMock [info] emb::find_or_create_local: self 1001, client 1006
2026-01-15 14:04:14.877355 VehicleControlMock [info] Client [1001] is connecting to [1006] at /tmp/vsomeip-1006 endpoint > 0x7e4be0000e20
2026-01-15 14:04:14.877391 VehicleControlMock [info] cei::wait_connecting_cbk: endpoint > 0x7e4be0000e20 socket state > 2
2026-01-15 14:04:14.877503 VehicleControlMock [info] REGISTERED_ACK(1006)
2026-01-15 14:04:14.877549 VehicleControlMock [info] REGISTER EVENT(1006): [1234.5678.9c40:eventtype=0:is_provided=false:reliable=2]
2026-01-15 14:04:14.877560 VehicleControlMock [info] REGISTER EVENT(1006): [1234.5678.9c41:eventtype=0:is_provided=false:reliable=2]
2026-01-15 14:04:14.886979 VehicleControlMock [info] REQUEST(1006): [1234.5678:1.4294967295]
2026-01-15 14:04:14.887232 VehicleControlMock [info] SUBSCRIBE(1006): [1234.5678.1234:9c40:1]
[Mock] 🔄 Restarting simulation cycle
"[Mock] 📡 Distance: 58cm 🟢 SAFE | Battery:  97% | Gear: R | Speed: 0"
"[Mock] 📡 Distance: 56cm 🟢 SAFE | Battery:  94% | Gear: R | Speed: 0"
"[Mock] 📡 Distance: 54cm 🟢 SAFE | Battery:  91% | Gear: R | Speed: 0"
"[Mock] 📡 Distance: 52cm 🟢 SAFE | Battery:  87% | Gear: R | Speed: 0"
"[Mock] 📡 Distance: 50cm 🟡 CAUTION | Battery:  84% | Gear: R | Speed: 0"
"[Mock] 📡 Distance: 48cm 🟡 CAUTION | Battery:  81% | Gear: R | Speed: 0"
"[Mock] 📡 Distance: 46cm 🟡 CAUTION | Battery:  78% | Gear: R | Speed: 0"
2026-01-15 14:04:19.815186 VehicleControlMock [info] Application/Client 1006 is deregistering.
2026-01-15 14:04:19.815289 VehicleControlMock [info] UNSUBSCRIBE(1006): [1234.5678.1234.ffff]
2026-01-15 14:04:19.815310 VehicleControlMock [info] emb::remove_local: self 1001, client 1006
2026-01-15 14:04:19.815327 VehicleControlMock [info] cei::shutdown_and_close_socket_unlocked: not recreating socket  endpoint > 0x7e4be0000e20 socket state > 0
2026-01-15 14:04:19.815330 VehicleControlMock [info] Client [1001] is closing connection to [1006] endpoint > 0x7e4be0000e20
2026-01-15 14:04:19.815414 VehicleControlMock [info] lucei::receive_cbk: Error: Operation canceled | endpoint > 0x7e4be0000e20
2026-01-15 14:04:19.815676 VehicleControlMock [info] lusei::receive_cbk closing connection due to is_stopped 0, error 'End of file', is_error 0, endpoint > 0x5656e8c3fbb0
"[Mock] 📡 Distance: 44cm 🟡 CAUTION | Battery:  74% | Gear: R | Speed: 0"
"[Mock] 📡 Distance: 42cm 🟡 CAUTION | Battery:  71% | Gear: R | Speed: 0"
2026-01-15 14:04:20.896614 VehicleControlMock [info] vSomeIP 3.5.8 | (default)
"[Mock] 📡 Distance: 40cm 🟡 CAUTION | Battery:  68% | Gear: R | Speed: 0"
"[Mock] 📡 Distance: 38cm 🟡 CAUTION | Battery:  64% | Gear: R | Speed: 0"
"[Mock] 📡 Distance: 36cm 🟡 CAUTION | Battery:  61% | Gear: R | Speed: 0"
"[Mock] 📡 Distance: 34cm 🟡 CAUTION | Battery:  58% | Gear: R | Speed: 0"
"[Mock] 📡 Distance: 32cm 🟡 CAUTION | Battery:  55% | Gear: R | Speed: 0"
"[Mock] 📡 Distance: 30cm 🟠 WARNING | Battery:  51% | Gear: R | Speed: 0"
"[Mock] 📡 Distance: 28cm 🟠 WARNING | Battery:  48% | Gear: R | Speed: 0"
"[Mock] 📡 Distance: 26cm 🟠 WARNING | Battery:  45% | Gear: R | Speed: 0"
"[Mock] 📡 Distance: 24cm 🟠 WARNING | Battery:  42% | Gear: R | Speed: 0"
"[Mock] 📡 Distance: 22cm 🟠 WARNING | Battery:  38% | Gear: R | Speed: 0"
"[Mock] 📡 Distance: 20cm 🟠 WARNING | Battery:  35% | Gear: R | Speed: 0"
"[Mock] 📡 Distance: 18cm 🟠 WARNING | Battery:  32% | Gear: R | Speed: 0"
"[Mock] 📡 Distance: 16cm 🟠 WARNING | Battery:  28% | Gear: R | Speed: 0"
"[Mock] 📡 Distance: 14cm 🔴 DANGER | Battery:  25% | Gear: R | Speed: 0"
"[Mock] 📡 Distance: 12cm 🔴 DANGER | Battery:  22% | Gear: R | Speed: 0"
"[Mock] 📡 Distance: 10cm 🔴 DANGER | Battery:  19% | Gear: R | Speed: 0"
"[Mock] 📡 Distance:  8cm 🔴 DANGER | Battery:  15% | Gear: R | Speed: 0"
"[Mock] 📡 Distance:  6cm 🔴 DANGER | Battery:  12% | Gear: R | Speed: 0"

═══════════════════════════════════════════════════════
[Mock] ✅ Simulation cycle complete!
       Final: Distance = 5cm, Battery = 10%
       🔄 Restarting in 3 seconds...
═══════════════════════════════════════════════════════

2026-01-15 14:04:30.896804 VehicleControlMock [info] vSomeIP 3.5.8 | (default)
[Mock] 🔄 Restarting simulation cycle
"[Mock] 📡 Distance: 58cm 🟢 SAFE | Battery:  97% | Gear: R | Speed: 0"
"[Mock] 📡 Distance: 56cm 🟢 SAFE | Battery:  94% | Gear: R | Speed: 0"
"[Mock] 📡 Distance: 54cm 🟢 SAFE | Battery:  91% | Gear: R | Speed: 0"
"[Mock] 📡 Distance: 52cm 🟢 SAFE | Battery:  87% | Gear: R | Speed: 0"
"[Mock] 📡 Distance: 50cm 🟡 CAUTION | Battery:  84% | Gear: R | Speed: 0"
"[Mock] 📡 Distance: 48cm 🟡 CAUTION | Battery:  81% | Gear: R | Speed: 0"
"[Mock] 📡 Distance: 46cm 🟡 CAUTION | Battery:  78% | Gear: R | Speed: 0"
"[Mock] 📡 Distance: 44cm 🟡 CAUTION | Battery:  74% | Gear: R | Speed: 0"
"[Mock] 📡 Distance: 42cm 🟡 CAUTION | Battery:  71% | Gear: R | Speed: 0"
"[Mock] 📡 Distance: 40cm 🟡 CAUTION | Battery:  68% | Gear: R | Speed: 0"
"[Mock] 📡 Distance: 38cm 🟡 CAUTION | Battery:  64% | Gear: R | Speed: 0"
"[Mock] 📡 Distance: 36cm 🟡 CAUTION | Battery:  61% | Gear: R | Speed: 0"
"[Mock] 📡 Distance: 34cm 🟡 CAUTION | Battery:  58% | Gear: R | Speed: 0"
"[Mock] 📡 Distance: 32cm 🟡 CAUTION | Battery:  55% | Gear: R | Speed: 0"
"[Mock] 📡 Distance: 30cm 🟠 WARNING | Battery:  51% | Gear: R | Speed: 0"
2026-01-15 14:04:40.896972 VehicleControlMock [info] vSomeIP 3.5.8 | (default)
"[Mock] 📡 Distance: 28cm 🟠 WARNING | Battery:  48% | Gear: R | Speed: 0"
"[Mock] 📡 Distance: 26cm 🟠 WARNING | Battery:  45% | Gear: R | Speed: 0"
"[Mock] 📡 Distance: 24cm 🟠 WARNING | Battery:  42% | Gear: R | Speed: 0"
"[Mock] 📡 Distance: 22cm 🟠 WARNING | Battery:  38% | Gear: R | Speed: 0"
"[Mock] 📡 Distance: 20cm 🟠 WARNING | Battery:  35% | Gear: R | Speed: 0"
"[Mock] 📡 Distance: 18cm 🟠 WARNING | Battery:  32% | Gear: R | Speed: 0"
"[Mock] 📡 Distance: 16cm 🟠 WARNING | Battery:  28% | Gear: R | Speed: 0"
"[Mock] 📡 Distance: 14cm 🔴 DANGER | Battery:  25% | Gear: R | Speed: 0"
"[Mock] 📡 Distance: 12cm 🔴 DANGER | Battery:  22% | Gear: R | Speed: 0"
"[Mock] 📡 Distance: 10cm 🔴 DANGER | Battery:  19% | Gear: R | Speed: 0"
"[Mock] 📡 Distance:  8cm 🔴 DANGER | Battery:  15% | Gear: R | Speed: 0"
"[Mock] 📡 Distance:  6cm 🔴 DANGER | Battery:  12% | Gear: R | Speed: 0"

═══════════════════════════════════════════════════════
[Mock] ✅ Simulation cycle complete!
       Final: Distance = 5cm, Battery = 10%
       🔄 Restarting in 3 seconds...
═══════════════════════════════════════════════════════

[Mock] 🔄 Restarting simulation cycle
"[Mock] 📡 Distance: 58cm 🟢 SAFE | Battery:  97% | Gear: R | Speed: 0"
2026-01-15 14:04:50.897121 VehicleControlMock [info] vSomeIP 3.5.8 | (default)
"[Mock] 📡 Distance: 56cm 🟢 SAFE | Battery:  94% | Gear: R | Speed: 0"
"[Mock] 📡 Distance: 54cm 🟢 SAFE | Battery:  91% | Gear: R | Speed: 0"
"[Mock] 📡 Distance: 52cm 🟢 SAFE | Battery:  87% | Gear: R | Speed: 0"
"[Mock] 📡 Distance: 50cm 🟡 CAUTION | Battery:  84% | Gear: R | Speed: 0"
"[Mock] 📡 Distance: 48cm 🟡 CAUTION | Battery:  81% | Gear: R | Speed: 0"
"[Mock] 📡 Distance: 46cm 🟡 CAUTION | Battery:  78% | Gear: R | Speed: 0"
"[Mock] 📡 Distance: 44cm 🟡 CAUTION | Battery:  74% | Gear: R | Speed: 0"
"[Mock] 📡 Distance: 42cm 🟡 CAUTION | Battery:  71% | Gear: R | Speed: 0"
"[Mock] 📡 Distance: 40cm 🟡 CAUTION | Battery:  68% | Gear: R | Speed: 0"
"[Mock] 📡 Distance: 38cm 🟡 CAUTION | Battery:  64% | Gear: R | Speed: 0"
"[Mock] 📡 Distance: 36cm 🟡 CAUTION | Battery:  61% | Gear: R | Speed: 0"
"[Mock] 📡 Distance: 34cm 🟡 CAUTION | Battery:  58% | Gear: R | Speed: 0"
"[Mock] 📡 Distance: 32cm 🟡 CAUTION | Battery:  55% | Gear: R | Speed: 0"
"[Mock] 📡 Distance: 30cm 🟠 WARNING | Battery:  51% | Gear: R | Speed: 0"
"[Mock] 📡 Distance: 28cm 🟠 WARNING | Battery:  48% | Gear: R | Speed: 0"
"[Mock] 📡 Distance: 26cm 🟠 WARNING | Battery:  45% | Gear: R | Speed: 0"
"[Mock] 📡 Distance: 24cm 🟠 WARNING | Battery:  42% | Gear: R | Speed: 0"
"[Mock] 📡 Distance: 22cm 🟠 WARNING | Battery:  38% | Gear: R | Speed: 0"
"[Mock] 📡 Distance: 20cm 🟠 WARNING | Battery:  35% | Gear: R | Speed: 0"
"[Mock] 📡 Distance: 18cm 🟠 WARNING | Battery:  32% | Gear: R | Speed: 0"
2026-01-15 14:05:00.897271 VehicleControlMock [info] vSomeIP 3.5.8 | (default)
"[Mock] 📡 Distance: 16cm 🟠 WARNING | Battery:  28% | Gear: R | Speed: 0"
"[Mock] 📡 Distance: 14cm 🔴 DANGER | Battery:  25% | Gear: R | Speed: 0"
"[Mock] 📡 Distance: 12cm 🔴 DANGER | Battery:  22% | Gear: R | Speed: 0"
"[Mock] 📡 Distance: 10cm 🔴 DANGER | Battery:  19% | Gear: R | Speed: 0"
"[Mock] 📡 Distance:  8cm 🔴 DANGER | Battery:  15% | Gear: R | Speed: 0"
"[Mock] 📡 Distance:  6cm 🔴 DANGER | Battery:  12% | Gear: R | Speed: 0"

═══════════════════════════════════════════════════════
[Mock] ✅ Simulation cycle complete!
       Final: Distance = 5cm, Battery = 10%
       🔄 Restarting in 3 seconds...
═══════════════════════════════════════════════════════

[Mock] 🔄 Restarting simulation cycle
"[Mock] 📡 Distance: 58cm 🟢 SAFE | Battery:  97% | Gear: R | Speed: 0"
"[Mock] 📡 Distance: 56cm 🟢 SAFE | Battery:  94% | Gear: R | Speed: 0"
"[Mock] 📡 Distance: 54cm 🟢 SAFE | Battery:  91% | Gear: R | Speed: 0"
"[Mock] 📡 Distance: 52cm 🟢 SAFE | Battery:  87% | Gear: R | Speed: 0"
"[Mock] 📡 Distance: 50cm 🟡 CAUTION | Battery:  84% | Gear: R | Speed: 0"
"[Mock] 📡 Distance: 48cm 🟡 CAUTION | Battery:  81% | Gear: R | Speed: 0"
"[Mock] 📡 Distance: 46cm 🟡 CAUTION | Battery:  78% | Gear: R | Speed: 0"
2026-01-15 14:05:10.897416 VehicleControlMock [info] vSomeIP 3.5.8 | (default)
"[Mock] 📡 Distance: 44cm 🟡 CAUTION | Battery:  74% | Gear: R | Speed: 0"
"[Mock] 📡 Distance: 42cm 🟡 CAUTION | Battery:  71% | Gear: R | Speed: 0"
"[Mock] 📡 Distance: 40cm 🟡 CAUTION | Battery:  68% | Gear: R | Speed: 0"
"[Mock] 📡 Distance: 38cm 🟡 CAUTION | Battery:  64% | Gear: R | Speed: 0"
"[Mock] 📡 Distance: 36cm 🟡 CAUTION | Battery:  61% | Gear: R | Speed: 0"
"[Mock] 📡 Distance: 34cm 🟡 CAUTION | Battery:  58% | Gear: R | Speed: 0"
"[Mock] 📡 Distance: 32cm 🟡 CAUTION | Battery:  55% | Gear: R | Speed: 0"
"[Mock] 📡 Distance: 30cm 🟠 WARNING | Battery:  51% | Gear: R | Speed: 0"
"[Mock] 📡 Distance: 28cm 🟠 WARNING | Battery:  48% | Gear: R | Speed: 0"
"[Mock] 📡 Distance: 26cm 🟠 WARNING | Battery:  45% | Gear: R | Speed: 0"
"[Mock] 📡 Distance: 24cm 🟠 WARNING | Battery:  42% | Gear: R | Speed: 0"
"[Mock] 📡 Distance: 22cm 🟠 WARNING | Battery:  38% | Gear: R | Speed: 0"
"[Mock] 📡 Distance: 20cm 🟠 WARNING | Battery:  35% | Gear: R | Speed: 0"
"[Mock] 📡 Distance: 18cm 🟠 WARNING | Battery:  32% | Gear: R | Speed: 0"
"[Mock] 📡 Distance: 16cm 🟠 WARNING | Battery:  28% | Gear: R | Speed: 0"
"[Mock] 📡 Distance: 14cm 🔴 DANGER | Battery:  25% | Gear: R | Speed: 0"
"[Mock] 📡 Distance: 12cm 🔴 DANGER | Battery:  22% | Gear: R | Speed: 0"
"[Mock] 📡 Distance: 10cm 🔴 DANGER | Battery:  19% | Gear: R | Speed: 0"
"[Mock] 📡 Distance:  8cm 🔴 DANGER | Battery:  15% | Gear: R | Speed: 0"
"[Mock] 📡 Distance:  6cm 🔴 DANGER | Battery:  12% | Gear: R | Speed: 0"
2026-01-15 14:05:20.897474 VehicleControlMock [info] vSomeIP 3.5.8 | (default)

═══════════════════════════════════════════════════════
[Mock] ✅ Simulation cycle complete!
       Final: Distance = 5cm, Battery = 10%
       🔄 Restarting in 3 seconds...
═══════════════════════════════════════════════════════

[Mock] 🔄 Restarting simulation cycle
"[Mock] 📡 Distance: 58cm 🟢 SAFE | Battery:  97% | Gear: R | Speed: 0"
"[Mock] 📡 Distance: 56cm 🟢 SAFE | Battery:  94% | Gear: R | Speed: 0"
"[Mock] 📡 Distance: 54cm 🟢 SAFE | Battery:  91% | Gear: R | Speed: 0"
"[Mock] 📡 Distance: 52cm 🟢 SAFE | Battery:  87% | Gear: R | Speed: 0"
"[Mock] 📡 Distance: 50cm 🟡 CAUTION | Battery:  84% | Gear: R | Speed: 0"
"[Mock] 📡 Distance: 48cm 🟡 CAUTION | Battery:  81% | Gear: R | Speed: 0"
"[Mock] 📡 Distance: 46cm 🟡 CAUTION | Battery:  78% | Gear: R | Speed: 0"
"[Mock] 📡 Distance: 44cm 🟡 CAUTION | Battery:  74% | Gear: R | Speed: 0"
"[Mock] 📡 Distance: 42cm 🟡 CAUTION | Battery:  71% | Gear: R | Speed: 0"
"[Mock] 📡 Distance: 40cm 🟡 CAUTION | Battery:  68% | Gear: R | Speed: 0"
"[Mock] 📡 Distance: 38cm 🟡 CAUTION | Battery:  64% | Gear: R | Speed: 0"
"[Mock] 📡 Distance: 36cm 🟡 CAUTION | Battery:  61% | Gear: R | Speed: 0"
"[Mock] 📡 Distance: 34cm 🟡 CAUTION | Battery:  58% | Gear: R | Speed: 0"
2026-01-15 14:05:30.897615 VehicleControlMock [info] vSomeIP 3.5.8 | (default)
"[Mock] 📡 Distance: 32cm 🟡 CAUTION | Battery:  55% | Gear: R | Speed: 0"
"[Mock] 📡 Distance: 30cm 🟠 WARNING | Battery:  51% | Gear: R | Speed: 0"
"[Mock] 📡 Distance: 28cm 🟠 WARNING | Battery:  48% | Gear: R | Speed: 0"
"[Mock] 📡 Distance: 26cm 🟠 WARNING | Battery:  45% | Gear: R | Speed: 0"
"[Mock] 📡 Distance: 24cm 🟠 WARNING | Battery:  42% | Gear: R | Speed: 0"
"[Mock] 📡 Distance: 22cm 🟠 WARNING | Battery:  38% | Gear: R | Speed: 0"
"[Mock] 📡 Distance: 20cm 🟠 WARNING | Battery:  35% | Gear: R | Speed: 0"
"[Mock] 📡 Distance: 18cm 🟠 WARNING | Battery:  32% | Gear: R | Speed: 0"
"[Mock] 📡 Distance: 16cm 🟠 WARNING | Battery:  28% | Gear: R | Speed: 0"
"[Mock] 📡 Distance: 14cm 🔴 DANGER | Battery:  25% | Gear: R | Speed: 0"
"[Mock] 📡 Distance: 12cm 🔴 DANGER | Battery:  22% | Gear: R | Speed: 0"
"[Mock] 📡 Distance: 10cm 🔴 DANGER | Battery:  19% | Gear: R | Speed: 0"
"[Mock] 📡 Distance:  8cm 🔴 DANGER | Battery:  15% | Gear: R | Speed: 0"
"[Mock] 📡 Distance:  6cm 🔴 DANGER | Battery:  12% | Gear: R | Speed: 0"

═══════════════════════════════════════════════════════
[Mock] ✅ Simulation cycle complete!
       Final: Distance = 5cm, Battery = 10%
       🔄 Restarting in 3 seconds...
═══════════════════════════════════════════════════════

2026-01-15 14:05:40.897935 VehicleControlMock [info] vSomeIP 3.5.8 | (default)
[Mock] 🔄 Restarting simulation cycle
"[Mock] 📡 Distance: 58cm 🟢 SAFE | Battery:  97% | Gear: R | Speed: 0"
"[Mock] 📡 Distance: 56cm 🟢 SAFE | Battery:  94% | Gear: R | Speed: 0"
"[Mock] 📡 Distance: 54cm 🟢 SAFE | Battery:  91% | Gear: R | Speed: 0"
"[Mock] 📡 Distance: 52cm 🟢 SAFE | Battery:  87% | Gear: R | Speed: 0"
"[Mock] 📡 Distance: 50cm 🟡 CAUTION | Battery:  84% | Gear: R | Speed: 0"
"[Mock] 📡 Distance: 48cm 🟡 CAUTION | Battery:  81% | Gear: R | Speed: 0"
"[Mock] 📡 Distance: 46cm 🟡 CAUTION | Battery:  78% | Gear: R | Speed: 0"
"[Mock] 📡 Distance: 44cm 🟡 CAUTION | Battery:  74% | Gear: R | Speed: 0"
"[Mock] 📡 Distance: 42cm 🟡 CAUTION | Battery:  71% | Gear: R | Speed: 0"
"[Mock] 📡 Distance: 40cm 🟡 CAUTION | Battery:  68% | Gear: R | Speed: 0"
"[Mock] 📡 Distance: 38cm 🟡 CAUTION | Battery:  64% | Gear: R | Speed: 0"
"[Mock] 📡 Distance: 36cm 🟡 CAUTION | Battery:  61% | Gear: R | Speed: 0"
"[Mock] 📡 Distance: 34cm 🟡 CAUTION | Battery:  58% | Gear: R | Speed: 0"
"[Mock] 📡 Distance: 32cm 🟡 CAUTION | Battery:  55% | Gear: R | Speed: 0"
"[Mock] 📡 Distance: 30cm 🟠 WARNING | Battery:  51% | Gear: R | Speed: 0"
"[Mock] 📡 Distance: 28cm 🟠 WARNING | Battery:  48% | Gear: R | Speed: 0"
"[Mock] 📡 Distance: 26cm 🟠 WARNING | Battery:  45% | Gear: R | Speed: 0"
"[Mock] 📡 Distance: 24cm 🟠 WARNING | Battery:  42% | Gear: R | Speed: 0"
"[Mock] 📡 Distance: 22cm 🟠 WARNING | Battery:  38% | Gear: R | Speed: 0"
2026-01-15 14:05:50.898269 VehicleControlMock [info] vSomeIP 3.5.8 | (default)
"[Mock] 📡 Distance: 20cm 🟠 WARNING | Battery:  35% | Gear: R | Speed: 0"
"[Mock] 📡 Distance: 18cm 🟠 WARNING | Battery:  32% | Gear: R | Speed: 0"
"[Mock] 📡 Distance: 16cm 🟠 WARNING | Battery:  28% | Gear: R | Speed: 0"
"[Mock] 📡 Distance: 14cm 🔴 DANGER | Battery:  25% | Gear: R | Speed: 0"
"[Mock] 📡 Distance: 12cm 🔴 DANGER | Battery:  22% | Gear: R | Speed: 0"
"[Mock] 📡 Distance: 10cm 🔴 DANGER | Battery:  19% | Gear: R | Speed: 0"
"[Mock] 📡 Distance:  8cm 🔴 DANGER | Battery:  15% | Gear: R | Speed: 0"
"[Mock] 📡 Distance:  6cm 🔴 DANGER | Battery:  12% | Gear: R | Speed: 0"

═══════════════════════════════════════════════════════
[Mock] ✅ Simulation cycle complete!
       Final: Distance = 5cm, Battery = 10%
       🔄 Restarting in 3 seconds...
═══════════════════════════════════════════════════════

[Mock] 🔄 Restarting simulation cycle
"[Mock] 📡 Distance: 58cm 🟢 SAFE | Battery:  97% | Gear: R | Speed: 0"
"[Mock] 📡 Distance: 56cm 🟢 SAFE | Battery:  94% | Gear: R | Speed: 0"
"[Mock] 📡 Distance: 54cm 🟢 SAFE | Battery:  91% | Gear: R | Speed: 0"
"[Mock] 📡 Distance: 52cm 🟢 SAFE | Battery:  87% | Gear: R | Speed: 0"
"[Mock] 📡 Distance: 50cm 🟡 CAUTION | Battery:  84% | Gear: R | Speed: 0"
2026-01-15 14:06:00.898339 VehicleControlMock [info] vSomeIP 3.5.8 | (default)
"[Mock] 📡 Distance: 48cm 🟡 CAUTION | Battery:  81% | Gear: R | Speed: 0"
"[Mock] 📡 Distance: 46cm 🟡 CAUTION | Battery:  78% | Gear: R | Speed: 0"
"[Mock] 📡 Distance: 44cm 🟡 CAUTION | Battery:  74% | Gear: R | Speed: 0"
"[Mock] 📡 Distance: 42cm 🟡 CAUTION | Battery:  71% | Gear: R | Speed: 0"
"[Mock] 📡 Distance: 40cm 🟡 CAUTION | Battery:  68% | Gear: R | Speed: 0"
"[Mock] 📡 Distance: 38cm 🟡 CAUTION | Battery:  64% | Gear: R | Speed: 0"
"[Mock] 📡 Distance: 36cm 🟡 CAUTION | Battery:  61% | Gear: R | Speed: 0"
"[Mock] 📡 Distance: 34cm 🟡 CAUTION | Battery:  58% | Gear: R | Speed: 0"
"[Mock] 📡 Distance: 32cm 🟡 CAUTION | Battery:  55% | Gear: R | Speed: 0"
"[Mock] 📡 Distance: 30cm 🟠 WARNING | Battery:  51% | Gear: R | Speed: 0"
"[Mock] 📡 Distance: 28cm 🟠 WARNING | Battery:  48% | Gear: R | Speed: 0"
"[Mock] 📡 Distance: 26cm 🟠 WARNING | Battery:  45% | Gear: R | Speed: 0"
"[Mock] 📡 Distance: 24cm 🟠 WARNING | Battery:  42% | Gear: R | Speed: 0"
"[Mock] 📡 Distance: 22cm 🟠 WARNING | Battery:  38% | Gear: R | Speed: 0"
"[Mock] 📡 Distance: 20cm 🟠 WARNING | Battery:  35% | Gear: R | Speed: 0"
"[Mock] 📡 Distance: 18cm 🟠 WARNING | Battery:  32% | Gear: R | Speed: 0"
"[Mock] 📡 Distance: 16cm 🟠 WARNING | Battery:  28% | Gear: R | Speed: 0"
"[Mock] 📡 Distance: 14cm 🔴 DANGER | Battery:  25% | Gear: R | Speed: 0"
"[Mock] 📡 Distance: 12cm 🔴 DANGER | Battery:  22% | Gear: R | Speed: 0"
"[Mock] 📡 Distance: 10cm 🔴 DANGER | Battery:  19% | Gear: R | Speed: 0"
2026-01-15 14:06:10.898718 VehicleControlMock [info] vSomeIP 3.5.8 | (default)
"[Mock] 📡 Distance:  8cm 🔴 DANGER | Battery:  15% | Gear: R | Speed: 0"
"[Mock] 📡 Distance:  6cm 🔴 DANGER | Battery:  12% | Gear: R | Speed: 0"

═══════════════════════════════════════════════════════
[Mock] ✅ Simulation cycle complete!
       Final: Distance = 5cm, Battery = 10%
       🔄 Restarting in 3 seconds...
═══════════════════════════════════════════════════════

[Mock] 🔄 Restarting simulation cycle
"[Mock] 📡 Distance: 58cm 🟢 SAFE | Battery:  97% | Gear: R | Speed: 0"
"[Mock] 📡 Distance: 56cm 🟢 SAFE | Battery:  94% | Gear: R | Speed: 0"
"[Mock] 📡 Distance: 54cm 🟢 SAFE | Battery:  91% | Gear: R | Speed: 0"
"[Mock] 📡 Distance: 52cm 🟢 SAFE | Battery:  87% | Gear: R | Speed: 0"
"[Mock] 📡 Distance: 50cm 🟡 CAUTION | Battery:  84% | Gear: R | Speed: 0"
"[Mock] 📡 Distance: 48cm 🟡 CAUTION | Battery:  81% | Gear: R | Speed: 0"
"[Mock] 📡 Distance: 46cm 🟡 CAUTION | Battery:  78% | Gear: R | Speed: 0"
"[Mock] 📡 Distance: 44cm 🟡 CAUTION | Battery:  74% | Gear: R | Speed: 0"
"[Mock] 📡 Distance: 42cm 🟡 CAUTION | Battery:  71% | Gear: R | Speed: 0"
"[Mock] 📡 Distance: 40cm 🟡 CAUTION | Battery:  68% | Gear: R | Speed: 0"
"[Mock] 📡 Distance: 38cm 🟡 CAUTION | Battery:  64% | Gear: R | Speed: 0"
2026-01-15 14:06:20.898794 VehicleControlMock [info] vSomeIP 3.5.8 | (default)
"[Mock] 📡 Distance: 36cm 🟡 CAUTION | Battery:  61% | Gear: R | Speed: 0"
"[Mock] 📡 Distance: 34cm 🟡 CAUTION | Battery:  58% | Gear: R | Speed: 0"
"[Mock] 📡 Distance: 32cm 🟡 CAUTION | Battery:  55% | Gear: R | Speed: 0"
"[Mock] 📡 Distance: 30cm 🟠 WARNING | Battery:  51% | Gear: R | Speed: 0"
"[Mock] 📡 Distance: 28cm 🟠 WARNING | Battery:  48% | Gear: R | Speed: 0"
"[Mock] 📡 Distance: 26cm 🟠 WARNING | Battery:  45% | Gear: R | Speed: 0"
"[Mock] 📡 Distance: 24cm 🟠 WARNING | Battery:  42% | Gear: R | Speed: 0"
"[Mock] 📡 Distance: 22cm 🟠 WARNING | Battery:  38% | Gear: R | Speed: 0"
"[Mock] 📡 Distance: 20cm 🟠 WARNING | Battery:  35% | Gear: R | Speed: 0"
"[Mock] 📡 Distance: 18cm 🟠 WARNING | Battery:  32% | Gear: R | Speed: 0"
"[Mock] 📡 Distance: 16cm 🟠 WARNING | Battery:  28% | Gear: R | Speed: 0"
"[Mock] 📡 Distance: 14cm 🔴 DANGER | Battery:  25% | Gear: R | Speed: 0"
"[Mock] 📡 Distance: 12cm 🔴 DANGER | Battery:  22% | Gear: R | Speed: 0"
"[Mock] 📡 Distance: 10cm 🔴 DANGER | Battery:  19% | Gear: R | Speed: 0"
"[Mock] 📡 Distance:  8cm 🔴 DANGER | Battery:  15% | Gear: R | Speed: 0"
"[Mock] 📡 Distance:  6cm 🔴 DANGER | Battery:  12% | Gear: R | Speed: 0"

═══════════════════════════════════════════════════════
[Mock] ✅ Simulation cycle complete!
       Final: Distance = 5cm, Battery = 10%
       🔄 Restarting in 3 seconds...
═══════════════════════════════════════════════════════

2026-01-15 14:06:30.898849 VehicleControlMock [info] vSomeIP 3.5.8 | (default)
[Mock] 🔄 Restarting simulation cycle
"[Mock] 📡 Distance: 58cm 🟢 SAFE | Battery:  97% | Gear: R | Speed: 0"
"[Mock] 📡 Distance: 56cm 🟢 SAFE | Battery:  94% | Gear: R | Speed: 0"
"[Mock] 📡 Distance: 54cm 🟢 SAFE | Battery:  91% | Gear: R | Speed: 0"
"[Mock] 📡 Distance: 52cm 🟢 SAFE | Battery:  87% | Gear: R | Speed: 0"
"[Mock] 📡 Distance: 50cm 🟡 CAUTION | Battery:  84% | Gear: R | Speed: 0"
"[Mock] 📡 Distance: 48cm 🟡 CAUTION | Battery:  81% | Gear: R | Speed: 0"
"[Mock] 📡 Distance: 46cm 🟡 CAUTION | Battery:  78% | Gear: R | Speed: 0"
"[Mock] 📡 Distance: 44cm 🟡 CAUTION | Battery:  74% | Gear: R | Speed: 0"
"[Mock] 📡 Distance: 42cm 🟡 CAUTION | Battery:  71% | Gear: R | Speed: 0"
"[Mock] 📡 Distance: 40cm 🟡 CAUTION | Battery:  68% | Gear: R | Speed: 0"
"[Mock] 📡 Distance: 38cm 🟡 CAUTION | Battery:  64% | Gear: R | Speed: 0"
"[Mock] 📡 Distance: 36cm 🟡 CAUTION | Battery:  61% | Gear: R | Speed: 0"
"[Mock] 📡 Distance: 34cm 🟡 CAUTION | Battery:  58% | Gear: R | Speed: 0"
"[Mock] 📡 Distance: 32cm 🟡 CAUTION | Battery:  55% | Gear: R | Speed: 0"
"[Mock] 📡 Distance: 30cm 🟠 WARNING | Battery:  51% | Gear: R | Speed: 0"
"[Mock] 📡 Distance: 28cm 🟠 WARNING | Battery:  48% | Gear: R | Speed: 0"
"[Mock] 📡 Distance: 26cm 🟠 WARNING | Battery:  45% | Gear: R | Speed: 0"
2026-01-15 14:06:40.899034 VehicleControlMock [info] vSomeIP 3.5.8 | (default)
"[Mock] 📡 Distance: 24cm 🟠 WARNING | Battery:  42% | Gear: R | Speed: 0"
"[Mock] 📡 Distance: 22cm 🟠 WARNING | Battery:  38% | Gear: R | Speed: 0"
"[Mock] 📡 Distance: 20cm 🟠 WARNING | Battery:  35% | Gear: R | Speed: 0"
"[Mock] 📡 Distance: 18cm 🟠 WARNING | Battery:  32% | Gear: R | Speed: 0"
"[Mock] 📡 Distance: 16cm 🟠 WARNING | Battery:  28% | Gear: R | Speed: 0"
"[Mock] 📡 Distance: 14cm 🔴 DANGER | Battery:  25% | Gear: R | Speed: 0"
"[Mock] 📡 Distance: 12cm 🔴 DANGER | Battery:  22% | Gear: R | Speed: 0"
"[Mock] 📡 Distance: 10cm 🔴 DANGER | Battery:  19% | Gear: R | Speed: 0"
"[Mock] 📡 Distance:  8cm 🔴 DANGER | Battery:  15% | Gear: R | Speed: 0"
"[Mock] 📡 Distance:  6cm 🔴 DANGER | Battery:  12% | Gear: R | Speed: 0"

═══════════════════════════════════════════════════════
[Mock] ✅ Simulation cycle complete!
       Final: Distance = 5cm, Battery = 10%
       🔄 Restarting in 3 seconds...
═══════════════════════════════════════════════════════

[Mock] 🔄 Restarting simulation cycle
"[Mock] 📡 Distance: 58cm 🟢 SAFE | Battery:  97% | Gear: R | Speed: 0"
"[Mock] 📡 Distance: 56cm 🟢 SAFE | Battery:  94% | Gear: R | Speed: 0"
"[Mock] 📡 Distance: 54cm 🟢 SAFE | Battery:  91% | Gear: R | Speed: 0"
2026-01-15 14:06:50.899179 VehicleControlMock [info] vSomeIP 3.5.8 | (default)
"[Mock] 📡 Distance: 52cm 🟢 SAFE | Battery:  87% | Gear: R | Speed: 0"
"[Mock] 📡 Distance: 50cm 🟡 CAUTION | Battery:  84% | Gear: R | Speed: 0"
"[Mock] 📡 Distance: 48cm 🟡 CAUTION | Battery:  81% | Gear: R | Speed: 0"
"[Mock] 📡 Distance: 46cm 🟡 CAUTION | Battery:  78% | Gear: R | Speed: 0"
"[Mock] 📡 Distance: 44cm 🟡 CAUTION | Battery:  74% | Gear: R | Speed: 0"
"[Mock] 📡 Distance: 42cm 🟡 CAUTION | Battery:  71% | Gear: R | Speed: 0"
"[Mock] 📡 Distance: 40cm 🟡 CAUTION | Battery:  68% | Gear: R | Speed: 0"
"[Mock] 📡 Distance: 38cm 🟡 CAUTION | Battery:  64% | Gear: R | Speed: 0"
"[Mock] 📡 Distance: 36cm 🟡 CAUTION | Battery:  61% | Gear: R | Speed: 0"
"[Mock] 📡 Distance: 34cm 🟡 CAUTION | Battery:  58% | Gear: R | Speed: 0"
"[Mock] 📡 Distance: 32cm 🟡 CAUTION | Battery:  55% | Gear: R | Speed: 0"
"[Mock] 📡 Distance: 30cm 🟠 WARNING | Battery:  51% | Gear: R | Speed: 0"
"[Mock] 📡 Distance: 28cm 🟠 WARNING | Battery:  48% | Gear: R | Speed: 0"
"[Mock] 📡 Distance: 26cm 🟠 WARNING | Battery:  45% | Gear: R | Speed: 0"
"[Mock] 📡 Distance: 24cm 🟠 WARNING | Battery:  42% | Gear: R | Speed: 0"
"[Mock] 📡 Distance: 22cm 🟠 WARNING | Battery:  38% | Gear: R | Speed: 0"
"[Mock] 📡 Distance: 20cm 🟠 WARNING | Battery:  35% | Gear: R | Speed: 0"
"[Mock] 📡 Distance: 18cm 🟠 WARNING | Battery:  32% | Gear: R | Speed: 0"
"[Mock] 📡 Distance: 16cm 🟠 WARNING | Battery:  28% | Gear: R | Speed: 0"
"[Mock] 📡 Distance: 14cm 🔴 DANGER | Battery:  25% | Gear: R | Speed: 0"
2026-01-15 14:07:00.899502 VehicleControlMock [info] vSomeIP 3.5.8 | (default)
"[Mock] 📡 Distance: 12cm 🔴 DANGER | Battery:  22% | Gear: R | Speed: 0"
"[Mock] 📡 Distance: 10cm 🔴 DANGER | Battery:  19% | Gear: R | Speed: 0"
"[Mock] 📡 Distance:  8cm 🔴 DANGER | Battery:  15% | Gear: R | Speed: 0"
"[Mock] 📡 Distance:  6cm 🔴 DANGER | Battery:  12% | Gear: R | Speed: 0"

═══════════════════════════════════════════════════════
[Mock] ✅ Simulation cycle complete!
       Final: Distance = 5cm, Battery = 10%
       🔄 Restarting in 3 seconds...
═══════════════════════════════════════════════════════

[Mock] 🔄 Restarting simulation cycle
"[Mock] 📡 Distance: 58cm 🟢 SAFE | Battery:  97% | Gear: R | Speed: 0"
"[Mock] 📡 Distance: 56cm 🟢 SAFE | Battery:  94% | Gear: R | Speed: 0"
"[Mock] 📡 Distance: 54cm 🟢 SAFE | Battery:  91% | Gear: R | Speed: 0"
"[Mock] 📡 Distance: 52cm 🟢 SAFE | Battery:  87% | Gear: R | Speed: 0"
"[Mock] 📡 Distance: 50cm 🟡 CAUTION | Battery:  84% | Gear: R | Speed: 0"
"[Mock] 📡 Distance: 48cm 🟡 CAUTION | Battery:  81% | Gear: R | Speed: 0"
"[Mock] 📡 Distance: 46cm 🟡 CAUTION | Battery:  78% | Gear: R | Speed: 0"
"[Mock] 📡 Distance: 44cm 🟡 CAUTION | Battery:  74% | Gear: R | Speed: 0"
"[Mock] 📡 Distance: 42cm 🟡 CAUTION | Battery:  71% | Gear: R | Speed: 0"
2026-01-15 14:07:10.899827 VehicleControlMock [info] vSomeIP 3.5.8 | (default)
"[Mock] 📡 Distance: 40cm 🟡 CAUTION | Battery:  68% | Gear: R | Speed: 0"
"[Mock] 📡 Distance: 38cm 🟡 CAUTION | Battery:  64% | Gear: R | Speed: 0"
"[Mock] 📡 Distance: 36cm 🟡 CAUTION | Battery:  61% | Gear: R | Speed: 0"
"[Mock] 📡 Distance: 34cm 🟡 CAUTION | Battery:  58% | Gear: R | Speed: 0"
"[Mock] 📡 Distance: 32cm 🟡 CAUTION | Battery:  55% | Gear: R | Speed: 0"
"[Mock] 📡 Distance: 30cm 🟠 WARNING | Battery:  51% | Gear: R | Speed: 0"
"[Mock] 📡 Distance: 28cm 🟠 WARNING | Battery:  48% | Gear: R | Speed: 0"
"[Mock] 📡 Distance: 26cm 🟠 WARNING | Battery:  45% | Gear: R | Speed: 0"
"[Mock] 📡 Distance: 24cm 🟠 WARNING | Battery:  42% | Gear: R | Speed: 0"
"[Mock] 📡 Distance: 22cm 🟠 WARNING | Battery:  38% | Gear: R | Speed: 0"
"[Mock] 📡 Distance: 20cm 🟠 WARNING | Battery:  35% | Gear: R | Speed: 0"
"[Mock] 📡 Distance: 18cm 🟠 WARNING | Battery:  32% | Gear: R | Speed: 0"
"[Mock] 📡 Distance: 16cm 🟠 WARNING | Battery:  28% | Gear: R | Speed: 0"
"[Mock] 📡 Distance: 14cm 🔴 DANGER | Battery:  25% | Gear: R | Speed: 0"
"[Mock] 📡 Distance: 12cm 🔴 DANGER | Battery:  22% | Gear: R | Speed: 0"
"[Mock] 📡 Distance: 10cm 🔴 DANGER | Battery:  19% | Gear: R | Speed: 0"
"[Mock] 📡 Distance:  8cm 🔴 DANGER | Battery:  15% | Gear: R | Speed: 0"
"[Mock] 📡 Distance:  6cm 🔴 DANGER | Battery:  12% | Gear: R | Speed: 0"

═══════════════════════════════════════════════════════
[Mock] ✅ Simulation cycle complete!
       Final: Distance = 5cm, Battery = 10%
       🔄 Restarting in 3 seconds...
═══════════════════════════════════════════════════════

2026-01-15 14:07:20.900048 VehicleControlMock [info] vSomeIP 3.5.8 | (default)
[Mock] 🔄 Restarting simulation cycle
"[Mock] 📡 Distance: 58cm 🟢 SAFE | Battery:  97% | Gear: R | Speed: 0"
"[Mock] 📡 Distance: 56cm 🟢 SAFE | Battery:  94% | Gear: R | Speed: 0"
"[Mock] 📡 Distance: 54cm 🟢 SAFE | Battery:  91% | Gear: R | Speed: 0"
"[Mock] 📡 Distance: 52cm 🟢 SAFE | Battery:  87% | Gear: R | Speed: 0"
"[Mock] 📡 Distance: 50cm 🟡 CAUTION | Battery:  84% | Gear: R | Speed: 0"
"[Mock] 📡 Distance: 48cm 🟡 CAUTION | Battery:  81% | Gear: R | Speed: 0"
"[Mock] 📡 Distance: 46cm 🟡 CAUTION | Battery:  78% | Gear: R | Speed: 0"
"[Mock] 📡 Distance: 44cm 🟡 CAUTION | Battery:  74% | Gear: R | Speed: 0"
"[Mock] 📡 Distance: 42cm 🟡 CAUTION | Battery:  71% | Gear: R | Speed: 0"
"[Mock] 📡 Distance: 40cm 🟡 CAUTION | Battery:  68% | Gear: R | Speed: 0"
"[Mock] 📡 Distance: 38cm 🟡 CAUTION | Battery:  64% | Gear: R | Speed: 0"
"[Mock] 📡 Distance: 36cm 🟡 CAUTION | Battery:  61% | Gear: R | Speed: 0"
"[Mock] 📡 Distance: 34cm 🟡 CAUTION | Battery:  58% | Gear: R | Speed: 0"
"[Mock] 📡 Distance: 32cm 🟡 CAUTION | Battery:  55% | Gear: R | Speed: 0"
"[Mock] 📡 Distance: 30cm 🟠 WARNING | Battery:  51% | Gear: R | Speed: 0"
2026-01-15 14:07:30.900184 VehicleControlMock [info] vSomeIP 3.5.8 | (default)
"[Mock] 📡 Distance: 28cm 🟠 WARNING | Battery:  48% | Gear: R | Speed: 0"
"[Mock] 📡 Distance: 26cm 🟠 WARNING | Battery:  45% | Gear: R | Speed: 0"
"[Mock] 📡 Distance: 24cm 🟠 WARNING | Battery:  42% | Gear: R | Speed: 0"
"[Mock] 📡 Distance: 22cm 🟠 WARNING | Battery:  38% | Gear: R | Speed: 0"
"[Mock] 📡 Distance: 20cm 🟠 WARNING | Battery:  35% | Gear: R | Speed: 0"
"[Mock] 📡 Distance: 18cm 🟠 WARNING | Battery:  32% | Gear: R | Speed: 0"
"[Mock] 📡 Distance: 16cm 🟠 WARNING | Battery:  28% | Gear: R | Speed: 0"
"[Mock] 📡 Distance: 14cm 🔴 DANGER | Battery:  25% | Gear: R | Speed: 0"
"[Mock] 📡 Distance: 12cm 🔴 DANGER | Battery:  22% | Gear: R | Speed: 0"
"[Mock] 📡 Distance: 10cm 🔴 DANGER | Battery:  19% | Gear: R | Speed: 0"
"[Mock] 📡 Distance:  8cm 🔴 DANGER | Battery:  15% | Gear: R | Speed: 0"
"[Mock] 📡 Distance:  6cm 🔴 DANGER | Battery:  12% | Gear: R | Speed: 0"

═══════════════════════════════════════════════════════
[Mock] ✅ Simulation cycle complete!
       Final: Distance = 5cm, Battery = 10%
       🔄 Restarting in 3 seconds...
═══════════════════════════════════════════════════════

[Mock] 🔄 Restarting simulation cycle
"[Mock] 📡 Distance: 58cm 🟢 SAFE | Battery:  97% | Gear: R | Speed: 0"
2026-01-15 14:07:40.900234 VehicleControlMock [info] vSomeIP 3.5.8 | (default)
2026-01-15 14:07:40.905062 VehicleControlMock [info] Application/Client 1007 is registering.
2026-01-15 14:07:40.905127 VehicleControlMock [info] emb::find_or_create_local: self 1001, client 1007
2026-01-15 14:07:40.905147 VehicleControlMock [info] Client [1001] is connecting to [1007] at /tmp/vsomeip-1007 endpoint > 0x7e4be0000e20
2026-01-15 14:07:40.905172 VehicleControlMock [info] cei::wait_connecting_cbk: endpoint > 0x7e4be0000e20 socket state > 1
2026-01-15 14:07:40.905257 VehicleControlMock [info] REGISTERED_ACK(1007)
2026-01-15 14:07:40.905306 VehicleControlMock [info] REGISTER EVENT(1007): [1234.5678.9c40:eventtype=0:is_provided=false:reliable=2]
2026-01-15 14:07:40.905319 VehicleControlMock [info] REGISTER EVENT(1007): [1234.5678.9c41:eventtype=0:is_provided=false:reliable=2]
2026-01-15 14:07:40.914880 VehicleControlMock [info] REQUEST(1007): [1234.5678:1.4294967295]
2026-01-15 14:07:40.915230 VehicleControlMock [info] SUBSCRIBE(1007): [1234.5678.1234:9c40:1]
"[Mock] 📡 Distance: 56cm 🟢 SAFE | Battery:  94% | Gear: R | Speed: 0"
"[Mock] 📡 Distance: 54cm 🟢 SAFE | Battery:  91% | Gear: R | Speed: 0"
"[Mock] 📡 Distance: 52cm 🟢 SAFE | Battery:  87% | Gear: R | Speed: 0"
"[Mock] 📡 Distance: 50cm 🟡 CAUTION | Battery:  84% | Gear: R | Speed: 0"
"[Mock] 📡 Distance: 48cm 🟡 CAUTION | Battery:  81% | Gear: R | Speed: 0"
"[Mock] 📡 Distance: 46cm 🟡 CAUTION | Battery:  78% | Gear: R | Speed: 0"
"[Mock] 📡 Distance: 44cm 🟡 CAUTION | Battery:  74% | Gear: R | Speed: 0"
"[Mock] 📡 Distance: 42cm 🟡 CAUTION | Battery:  71% | Gear: R | Speed: 0"
"[Mock] 📡 Distance: 40cm 🟡 CAUTION | Battery:  68% | Gear: R | Speed: 0"
"[Mock] 📡 Distance: 38cm 🟡 CAUTION | Battery:  64% | Gear: R | Speed: 0"
"[Mock] 📡 Distance: 36cm 🟡 CAUTION | Battery:  61% | Gear: R | Speed: 0"
"[Mock] 📡 Distance: 34cm 🟡 CAUTION | Battery:  58% | Gear: R | Speed: 0"
"[Mock] 📡 Distance: 32cm 🟡 CAUTION | Battery:  55% | Gear: R | Speed: 0"
"[Mock] 📡 Distance: 30cm 🟠 WARNING | Battery:  51% | Gear: R | Speed: 0"
"[Mock] 📡 Distance: 28cm 🟠 WARNING | Battery:  48% | Gear: R | Speed: 0"
"[Mock] 📡 Distance: 26cm 🟠 WARNING | Battery:  45% | Gear: R | Speed: 0"
"[Mock] 📡 Distance: 24cm 🟠 WARNING | Battery:  42% | Gear: R | Speed: 0"
"[Mock] 📡 Distance: 22cm 🟠 WARNING | Battery:  38% | Gear: R | Speed: 0"
"[Mock] 📡 Distance: 20cm 🟠 WARNING | Battery:  35% | Gear: R | Speed: 0"
"[Mock] 📡 Distance: 18cm 🟠 WARNING | Battery:  32% | Gear: R | Speed: 0"
2026-01-15 14:07:50.900415 VehicleControlMock [info] vSomeIP 3.5.8 | (default)
"[Mock] 📡 Distance: 16cm 🟠 WARNING | Battery:  28% | Gear: R | Speed: 0"
"[Mock] 📡 Distance: 14cm 🔴 DANGER | Battery:  25% | Gear: R | Speed: 0"
"[Mock] 📡 Distance: 12cm 🔴 DANGER | Battery:  22% | Gear: R | Speed: 0"
"[Mock] 📡 Distance: 10cm 🔴 DANGER | Battery:  19% | Gear: R | Speed: 0"
"[Mock] 📡 Distance:  8cm 🔴 DANGER | Battery:  15% | Gear: R | Speed: 0"
"[Mock] 📡 Distance:  6cm 🔴 DANGER | Battery:  12% | Gear: R | Speed: 0"

═══════════════════════════════════════════════════════
[Mock] ✅ Simulation cycle complete!
       Final: Distance = 5cm, Battery = 10%
       🔄 Restarting in 3 seconds...
═══════════════════════════════════════════════════════

2026-01-15 14:07:55.842085 VehicleControlMock [info] Application/Client 1007 is deregistering.
2026-01-15 14:07:55.842271 VehicleControlMock [info] UNSUBSCRIBE(1007): [1234.5678.1234.ffff]
2026-01-15 14:07:55.842293 VehicleControlMock [info] emb::remove_local: self 1001, client 1007
2026-01-15 14:07:55.842655 VehicleControlMock [info] lusei::receive_cbk closing connection due to is_stopped 0, error 'End of file', is_error 0, endpoint > 0x7e4bec002240
2026-01-15 14:07:55.842689 VehicleControlMock [info] lusei::receive_cbk closing connection due to is_stopped 0, error 'End of file', is_error 0, endpoint > 0x7e4bf8006290
2026-01-15 14:07:55.852492 VehicleControlMock [info] cei::shutdown_and_close_socket_unlocked: not recreating socket  endpoint > 0x7e4be0000e20 socket state > 0
2026-01-15 14:07:55.852509 VehicleControlMock [info] Client [1001] is closing connection to [1007] endpoint > 0x7e4be0000e20
2026-01-15 14:07:55.852539 VehicleControlMock [info] lucei::receive_cbk: Error: Operation canceled | endpoint > 0x7e4be0000e20
[Mock] 🔄 Restarting simulation cycle
"[Mock] 📡 Distance: 58cm 🟢 SAFE | Battery:  97% | Gear: R | Speed: 0"
"[Mock] 📡 Distance: 56cm 🟢 SAFE | Battery:  94% | Gear: R | Speed: 0"
"[Mock] 📡 Distance: 54cm 🟢 SAFE | Battery:  91% | Gear: R | Speed: 0"
"[Mock] 📡 Distance: 52cm 🟢 SAFE | Battery:  87% | Gear: R | Speed: 0"
"[Mock] 📡 Distance: 50cm 🟡 CAUTION | Battery:  84% | Gear: R | Speed: 0"
"[Mock] 📡 Distance: 48cm 🟡 CAUTION | Battery:  81% | Gear: R | Speed: 0"
"[Mock] 📡 Distance: 46cm 🟡 CAUTION | Battery:  78% | Gear: R | Speed: 0"
2026-01-15 14:08:00.900817 VehicleControlMock [info] vSomeIP 3.5.8 | (default)
"[Mock] 📡 Distance: 44cm 🟡 CAUTION | Battery:  74% | Gear: R | Speed: 0"
"[Mock] 📡 Distance: 42cm 🟡 CAUTION | Battery:  71% | Gear: R | Speed: 0"
"[Mock] 📡 Distance: 40cm 🟡 CAUTION | Battery:  68% | Gear: R | Speed: 0"
"[Mock] 📡 Distance: 38cm 🟡 CAUTION | Battery:  64% | Gear: R | Speed: 0"
"[Mock] 📡 Distance: 36cm 🟡 CAUTION | Battery:  61% | Gear: R | Speed: 0"
"[Mock] 📡 Distance: 34cm 🟡 CAUTION | Battery:  58% | Gear: R | Speed: 0"
"[Mock] 📡 Distance: 32cm 🟡 CAUTION | Battery:  55% | Gear: R | Speed: 0"
"[Mock] 📡 Distance: 30cm 🟠 WARNING | Battery:  51% | Gear: R | Speed: 0"
"[Mock] 📡 Distance: 28cm 🟠 WARNING | Battery:  48% | Gear: R | Speed: 0"
"[Mock] 📡 Distance: 26cm 🟠 WARNING | Battery:  45% | Gear: R | Speed: 0"
"[Mock] 📡 Distance: 24cm 🟠 WARNING | Battery:  42% | Gear: R | Speed: 0"
"[Mock] 📡 Distance: 22cm 🟠 WARNING | Battery:  38% | Gear: R | Speed: 0"
"[Mock] 📡 Distance: 20cm 🟠 WARNING | Battery:  35% | Gear: R | Speed: 0"
"[Mock] 📡 Distance: 18cm 🟠 WARNING | Battery:  32% | Gear: R | Speed: 0"
"[Mock] 📡 Distance: 16cm 🟠 WARNING | Battery:  28% | Gear: R | Speed: 0"
"[Mock] 📡 Distance: 14cm 🔴 DANGER | Battery:  25% | Gear: R | Speed: 0"
"[Mock] 📡 Distance: 12cm 🔴 DANGER | Battery:  22% | Gear: R | Speed: 0"
"[Mock] 📡 Distance: 10cm 🔴 DANGER | Battery:  19% | Gear: R | Speed: 0"
"[Mock] 📡 Distance:  8cm 🔴 DANGER | Battery:  15% | Gear: R | Speed: 0"
"[Mock] 📡 Distance:  6cm 🔴 DANGER | Battery:  12% | Gear: R | Speed: 0"
2026-01-15 14:08:10.900901 VehicleControlMock [info] vSomeIP 3.5.8 | (default)

═══════════════════════════════════════════════════════
[Mock] ✅ Simulation cycle complete!
       Final: Distance = 5cm, Battery = 10%
       🔄 Restarting in 3 seconds...
═══════════════════════════════════════════════════════

[Mock] 🔄 Restarting simulation cycle
"[Mock] 📡 Distance: 58cm 🟢 SAFE | Battery:  97% | Gear: R | Speed: 0"
"[Mock] 📡 Distance: 56cm 🟢 SAFE | Battery:  94% | Gear: R | Speed: 0"
"[Mock] 📡 Distance: 54cm 🟢 SAFE | Battery:  91% | Gear: R | Speed: 0"
"[Mock] 📡 Distance: 52cm 🟢 SAFE | Battery:  87% | Gear: R | Speed: 0"
"[Mock] 📡 Distance: 50cm 🟡 CAUTION | Battery:  84% | Gear: R | Speed: 0"
"[Mock] 📡 Distance: 48cm 🟡 CAUTION | Battery:  81% | Gear: R | Speed: 0"
"[Mock] 📡 Distance: 46cm 🟡 CAUTION | Battery:  78% | Gear: R | Speed: 0"
"[Mock] 📡 Distance: 44cm 🟡 CAUTION | Battery:  74% | Gear: R | Speed: 0"
"[Mock] 📡 Distance: 42cm 🟡 CAUTION | Battery:  71% | Gear: R | Speed: 0"
"[Mock] 📡 Distance: 40cm 🟡 CAUTION | Battery:  68% | Gear: R | Speed: 0"
"[Mock] 📡 Distance: 38cm 🟡 CAUTION | Battery:  64% | Gear: R | Speed: 0"
"[Mock] 📡 Distance: 36cm 🟡 CAUTION | Battery:  61% | Gear: R | Speed: 0"
"[Mock] 📡 Distance: 34cm 🟡 CAUTION | Battery:  58% | Gear: R | Speed: 0"
2026-01-15 14:08:20.900963 VehicleControlMock [info] vSomeIP 3.5.8 | (default)
"[Mock] 📡 Distance: 32cm 🟡 CAUTION | Battery:  55% | Gear: R | Speed: 0"
"[Mock] 📡 Distance: 30cm 🟠 WARNING | Battery:  51% | Gear: R | Speed: 0"
"[Mock] 📡 Distance: 28cm 🟠 WARNING | Battery:  48% | Gear: R | Speed: 0"
"[Mock] 📡 Distance: 26cm 🟠 WARNING | Battery:  45% | Gear: R | Speed: 0"
"[Mock] 📡 Distance: 24cm 🟠 WARNING | Battery:  42% | Gear: R | Speed: 0"
"[Mock] 📡 Distance: 22cm 🟠 WARNING | Battery:  38% | Gear: R | Speed: 0"
"[Mock] 📡 Distance: 20cm 🟠 WARNING | Battery:  35% | Gear: R | Speed: 0"
"[Mock] 📡 Distance: 18cm 🟠 WARNING | Battery:  32% | Gear: R | Speed: 0"
"[Mock] 📡 Distance: 16cm 🟠 WARNING | Battery:  28% | Gear: R | Speed: 0"
"[Mock] 📡 Distance: 14cm 🔴 DANGER | Battery:  25% | Gear: R | Speed: 0"
"[Mock] 📡 Distance: 12cm 🔴 DANGER | Battery:  22% | Gear: R | Speed: 0"
"[Mock] 📡 Distance: 10cm 🔴 DANGER | Battery:  19% | Gear: R | Speed: 0"
"[Mock] 📡 Distance:  8cm 🔴 DANGER | Battery:  15% | Gear: R | Speed: 0"
"[Mock] 📡 Distance:  6cm 🔴 DANGER | Battery:  12% | Gear: R | Speed: 0"

═══════════════════════════════════════════════════════
[Mock] ✅ Simulation cycle complete!
       Final: Distance = 5cm, Battery = 10%
       🔄 Restarting in 3 seconds...
═══════════════════════════════════════════════════════

2026-01-15 14:08:30.901095 VehicleControlMock [info] vSomeIP 3.5.8 | (default)
[Mock] 🔄 Restarting simulation cycle
"[Mock] 📡 Distance: 58cm 🟢 SAFE | Battery:  97% | Gear: R | Speed: 0"
"[Mock] 📡 Distance: 56cm 🟢 SAFE | Battery:  94% | Gear: R | Speed: 0"
"[Mock] 📡 Distance: 54cm 🟢 SAFE | Battery:  91% | Gear: R | Speed: 0"
"[Mock] 📡 Distance: 52cm 🟢 SAFE | Battery:  87% | Gear: R | Speed: 0"
"[Mock] 📡 Distance: 50cm 🟡 CAUTION | Battery:  84% | Gear: R | Speed: 0"
"[Mock] 📡 Distance: 48cm 🟡 CAUTION | Battery:  81% | Gear: R | Speed: 0"
"[Mock] 📡 Distance: 46cm 🟡 CAUTION | Battery:  78% | Gear: R | Speed: 0"
"[Mock] 📡 Distance: 44cm 🟡 CAUTION | Battery:  74% | Gear: R | Speed: 0"
"[Mock] 📡 Distance: 42cm 🟡 CAUTION | Battery:  71% | Gear: R | Speed: 0"
"[Mock] 📡 Distance: 40cm 🟡 CAUTION | Battery:  68% | Gear: R | Speed: 0"
"[Mock] 📡 Distance: 38cm 🟡 CAUTION | Battery:  64% | Gear: R | Speed: 0"
"[Mock] 📡 Distance: 36cm 🟡 CAUTION | Battery:  61% | Gear: R | Speed: 0"
"[Mock] 📡 Distance: 34cm 🟡 CAUTION | Battery:  58% | Gear: R | Speed: 0"
"[Mock] 📡 Distance: 32cm 🟡 CAUTION | Battery:  55% | Gear: R | Speed: 0"
"[Mock] 📡 Distance: 30cm 🟠 WARNING | Battery:  51% | Gear: R | Speed: 0"
"[Mock] 📡 Distance: 28cm 🟠 WARNING | Battery:  48% | Gear: R | Speed: 0"
"[Mock] 📡 Distance: 26cm 🟠 WARNING | Battery:  45% | Gear: R | Speed: 0"
"[Mock] 📡 Distance: 24cm 🟠 WARNING | Battery:  42% | Gear: R | Speed: 0"
"[Mock] 📡 Distance: 22cm 🟠 WARNING | Battery:  38% | Gear: R | Speed: 0"
2026-01-15 14:08:40.901164 VehicleControlMock [info] vSomeIP 3.5.8 | (default)
"[Mock] 📡 Distance: 20cm 🟠 WARNING | Battery:  35% | Gear: R | Speed: 0"
"[Mock] 📡 Distance: 18cm 🟠 WARNING | Battery:  32% | Gear: R | Speed: 0"
"[Mock] 📡 Distance: 16cm 🟠 WARNING | Battery:  28% | Gear: R | Speed: 0"
"[Mock] 📡 Distance: 14cm 🔴 DANGER | Battery:  25% | Gear: R | Speed: 0"
"[Mock] 📡 Distance: 12cm 🔴 DANGER | Battery:  22% | Gear: R | Speed: 0"
"[Mock] 📡 Distance: 10cm 🔴 DANGER | Battery:  19% | Gear: R | Speed: 0"
"[Mock] 📡 Distance:  8cm 🔴 DANGER | Battery:  15% | Gear: R | Speed: 0"
"[Mock] 📡 Distance:  6cm 🔴 DANGER | Battery:  12% | Gear: R | Speed: 0"

═══════════════════════════════════════════════════════
[Mock] ✅ Simulation cycle complete!
       Final: Distance = 5cm, Battery = 10%
       🔄 Restarting in 3 seconds...
═══════════════════════════════════════════════════════

[Mock] 🔄 Restarting simulation cycle
"[Mock] 📡 Distance: 58cm 🟢 SAFE | Battery:  97% | Gear: R | Speed: 0"
"[Mock] 📡 Distance: 56cm 🟢 SAFE | Battery:  94% | Gear: R | Speed: 0"
"[Mock] 📡 Distance: 54cm 🟢 SAFE | Battery:  91% | Gear: R | Speed: 0"
"[Mock] 📡 Distance: 52cm 🟢 SAFE | Battery:  87% | Gear: R | Speed: 0"
"[Mock] 📡 Distance: 50cm 🟡 CAUTION | Battery:  84% | Gear: R | Speed: 0"
2026-01-15 14:08:50.901316 VehicleControlMock [info] vSomeIP 3.5.8 | (default)
"[Mock] 📡 Distance: 48cm 🟡 CAUTION | Battery:  81% | Gear: R | Speed: 0"
"[Mock] 📡 Distance: 46cm 🟡 CAUTION | Battery:  78% | Gear: R | Speed: 0"
"[Mock] 📡 Distance: 44cm 🟡 CAUTION | Battery:  74% | Gear: R | Speed: 0"
"[Mock] 📡 Distance: 42cm 🟡 CAUTION | Battery:  71% | Gear: R | Speed: 0"
"[Mock] 📡 Distance: 40cm 🟡 CAUTION | Battery:  68% | Gear: R | Speed: 0"
"[Mock] 📡 Distance: 38cm 🟡 CAUTION | Battery:  64% | Gear: R | Speed: 0"
"[Mock] 📡 Distance: 36cm 🟡 CAUTION | Battery:  61% | Gear: R | Speed: 0"
"[Mock] 📡 Distance: 34cm 🟡 CAUTION | Battery:  58% | Gear: R | Speed: 0"
"[Mock] 📡 Distance: 32cm 🟡 CAUTION | Battery:  55% | Gear: R | Speed: 0"
"[Mock] 📡 Distance: 30cm 🟠 WARNING | Battery:  51% | Gear: R | Speed: 0"
"[Mock] 📡 Distance: 28cm 🟠 WARNING | Battery:  48% | Gear: R | Speed: 0"
"[Mock] 📡 Distance: 26cm 🟠 WARNING | Battery:  45% | Gear: R | Speed: 0"
"[Mock] 📡 Distance: 24cm 🟠 WARNING | Battery:  42% | Gear: R | Speed: 0"
"[Mock] 📡 Distance: 22cm 🟠 WARNING | Battery:  38% | Gear: R | Speed: 0"
"[Mock] 📡 Distance: 20cm 🟠 WARNING | Battery:  35% | Gear: R | Speed: 0"
"[Mock] 📡 Distance: 18cm 🟠 WARNING | Battery:  32% | Gear: R | Speed: 0"
"[Mock] 📡 Distance: 16cm 🟠 WARNING | Battery:  28% | Gear: R | Speed: 0"
"[Mock] 📡 Distance: 14cm 🔴 DANGER | Battery:  25% | Gear: R | Speed: 0"
"[Mock] 📡 Distance: 12cm 🔴 DANGER | Battery:  22% | Gear: R | Speed: 0"
"[Mock] 📡 Distance: 10cm 🔴 DANGER | Battery:  19% | Gear: R | Speed: 0"
2026-01-15 14:09:00.901408 VehicleControlMock [info] vSomeIP 3.5.8 | (default)
"[Mock] 📡 Distance:  8cm 🔴 DANGER | Battery:  15% | Gear: R | Speed: 0"
"[Mock] 📡 Distance:  6cm 🔴 DANGER | Battery:  12% | Gear: R | Speed: 0"

═══════════════════════════════════════════════════════
[Mock] ✅ Simulation cycle complete!
       Final: Distance = 5cm, Battery = 10%
       🔄 Restarting in 3 seconds...
═══════════════════════════════════════════════════════

[Mock] 🔄 Restarting simulation cycle
"[Mock] 📡 Distance: 58cm 🟢 SAFE | Battery:  97% | Gear: R | Speed: 0"
"[Mock] 📡 Distance: 56cm 🟢 SAFE | Battery:  94% | Gear: R | Speed: 0"
"[Mock] 📡 Distance: 54cm 🟢 SAFE | Battery:  91% | Gear: R | Speed: 0"
"[Mock] 📡 Distance: 52cm 🟢 SAFE | Battery:  87% | Gear: R | Speed: 0"
"[Mock] 📡 Distance: 50cm 🟡 CAUTION | Battery:  84% | Gear: R | Speed: 0"
"[Mock] 📡 Distance: 48cm 🟡 CAUTION | Battery:  81% | Gear: R | Speed: 0"
"[Mock] 📡 Distance: 46cm 🟡 CAUTION | Battery:  78% | Gear: R | Speed: 0"
"[Mock] 📡 Distance: 44cm 🟡 CAUTION | Battery:  74% | Gear: R | Speed: 0"
"[Mock] 📡 Distance: 42cm 🟡 CAUTION | Battery:  71% | Gear: R | Speed: 0"
"[Mock] 📡 Distance: 40cm 🟡 CAUTION | Battery:  68% | Gear: R | Speed: 0"
"[Mock] 📡 Distance: 38cm 🟡 CAUTION | Battery:  64% | Gear: R | Speed: 0"
2026-01-15 14:09:10.901572 VehicleControlMock [info] vSomeIP 3.5.8 | (default)
"[Mock] 📡 Distance: 36cm 🟡 CAUTION | Battery:  61% | Gear: R | Speed: 0"
"[Mock] 📡 Distance: 34cm 🟡 CAUTION | Battery:  58% | Gear: R | Speed: 0"
"[Mock] 📡 Distance: 32cm 🟡 CAUTION | Battery:  55% | Gear: R | Speed: 0"
"[Mock] 📡 Distance: 30cm 🟠 WARNING | Battery:  51% | Gear: R | Speed: 0"
"[Mock] 📡 Distance: 28cm 🟠 WARNING | Battery:  48% | Gear: R | Speed: 0"
"[Mock] 📡 Distance: 26cm 🟠 WARNING | Battery:  45% | Gear: R | Speed: 0"
"[Mock] 📡 Distance: 24cm 🟠 WARNING | Battery:  42% | Gear: R | Speed: 0"
"[Mock] 📡 Distance: 22cm 🟠 WARNING | Battery:  38% | Gear: R | Speed: 0"
"[Mock] 📡 Distance: 20cm 🟠 WARNING | Battery:  35% | Gear: R | Speed: 0"
"[Mock] 📡 Distance: 18cm 🟠 WARNING | Battery:  32% | Gear: R | Speed: 0"
"[Mock] 📡 Distance: 16cm 🟠 WARNING | Battery:  28% | Gear: R | Speed: 0"
"[Mock] 📡 Distance: 14cm 🔴 DANGER | Battery:  25% | Gear: R | Speed: 0"
"[Mock] 📡 Distance: 12cm 🔴 DANGER | Battery:  22% | Gear: R | Speed: 0"
"[Mock] 📡 Distance: 10cm 🔴 DANGER | Battery:  19% | Gear: R | Speed: 0"
"[Mock] 📡 Distance:  8cm 🔴 DANGER | Battery:  15% | Gear: R | Speed: 0"
"[Mock] 📡 Distance:  6cm 🔴 DANGER | Battery:  12% | Gear: R | Speed: 0"

═══════════════════════════════════════════════════════
[Mock] ✅ Simulation cycle complete!
       Final: Distance = 5cm, Battery = 10%
       🔄 Restarting in 3 seconds...
═══════════════════════════════════════════════════════

2026-01-15 14:09:20.901652 VehicleControlMock [info] vSomeIP 3.5.8 | (default)
[Mock] 🔄 Restarting simulation cycle
"[Mock] 📡 Distance: 58cm 🟢 SAFE | Battery:  97% | Gear: R | Speed: 0"
"[Mock] 📡 Distance: 56cm 🟢 SAFE | Battery:  94% | Gear: R | Speed: 0"
"[Mock] 📡 Distance: 54cm 🟢 SAFE | Battery:  91% | Gear: R | Speed: 0"
"[Mock] 📡 Distance: 52cm 🟢 SAFE | Battery:  87% | Gear: R | Speed: 0"
"[Mock] 📡 Distance: 50cm 🟡 CAUTION | Battery:  84% | Gear: R | Speed: 0"
"[Mock] 📡 Distance: 48cm 🟡 CAUTION | Battery:  81% | Gear: R | Speed: 0"
"[Mock] 📡 Distance: 46cm 🟡 CAUTION | Battery:  78% | Gear: R | Speed: 0"
"[Mock] 📡 Distance: 44cm 🟡 CAUTION | Battery:  74% | Gear: R | Speed: 0"
"[Mock] 📡 Distance: 42cm 🟡 CAUTION | Battery:  71% | Gear: R | Speed: 0"
"[Mock] 📡 Distance: 40cm 🟡 CAUTION | Battery:  68% | Gear: R | Speed: 0"
"[Mock] 📡 Distance: 38cm 🟡 CAUTION | Battery:  64% | Gear: R | Speed: 0"
"[Mock] 📡 Distance: 36cm 🟡 CAUTION | Battery:  61% | Gear: R | Speed: 0"
"[Mock] 📡 Distance: 34cm 🟡 CAUTION | Battery:  58% | Gear: R | Speed: 0"
"[Mock] 📡 Distance: 32cm 🟡 CAUTION | Battery:  55% | Gear: R | Speed: 0"
"[Mock] 📡 Distance: 30cm 🟠 WARNING | Battery:  51% | Gear: R | Speed: 0"
"[Mock] 📡 Distance: 28cm 🟠 WARNING | Battery:  48% | Gear: R | Speed: 0"
"[Mock] 📡 Distance: 26cm 🟠 WARNING | Battery:  45% | Gear: R | Speed: 0"
2026-01-15 14:09:30.901717 VehicleControlMock [info] vSomeIP 3.5.8 | (default)
"[Mock] 📡 Distance: 24cm 🟠 WARNING | Battery:  42% | Gear: R | Speed: 0"
"[Mock] 📡 Distance: 22cm 🟠 WARNING | Battery:  38% | Gear: R | Speed: 0"
"[Mock] 📡 Distance: 20cm 🟠 WARNING | Battery:  35% | Gear: R | Speed: 0"
"[Mock] 📡 Distance: 18cm 🟠 WARNING | Battery:  32% | Gear: R | Speed: 0"
"[Mock] 📡 Distance: 16cm 🟠 WARNING | Battery:  28% | Gear: R | Speed: 0"
"[Mock] 📡 Distance: 14cm 🔴 DANGER | Battery:  25% | Gear: R | Speed: 0"
"[Mock] 📡 Distance: 12cm 🔴 DANGER | Battery:  22% | Gear: R | Speed: 0"
"[Mock] 📡 Distance: 10cm 🔴 DANGER | Battery:  19% | Gear: R | Speed: 0"
"[Mock] 📡 Distance:  8cm 🔴 DANGER | Battery:  15% | Gear: R | Speed: 0"
"[Mock] 📡 Distance:  6cm 🔴 DANGER | Battery:  12% | Gear: R | Speed: 0"

═══════════════════════════════════════════════════════
[Mock] ✅ Simulation cycle complete!
       Final: Distance = 5cm, Battery = 10%
       🔄 Restarting in 3 seconds...
═══════════════════════════════════════════════════════

[Mock] 🔄 Restarting simulation cycle
"[Mock] 📡 Distance: 58cm 🟢 SAFE | Battery:  97% | Gear: R | Speed: 0"
"[Mock] 📡 Distance: 56cm 🟢 SAFE | Battery:  94% | Gear: R | Speed: 0"
"[Mock] 📡 Distance: 54cm 🟢 SAFE | Battery:  91% | Gear: R | Speed: 0"
2026-01-15 14:09:40.901765 VehicleControlMock [info] vSomeIP 3.5.8 | (default)
"[Mock] 📡 Distance: 52cm 🟢 SAFE | Battery:  87% | Gear: R | Speed: 0"
"[Mock] 📡 Distance: 50cm 🟡 CAUTION | Battery:  84% | Gear: R | Speed: 0"
"[Mock] 📡 Distance: 48cm 🟡 CAUTION | Battery:  81% | Gear: R | Speed: 0"
"[Mock] 📡 Distance: 46cm 🟡 CAUTION | Battery:  78% | Gear: R | Speed: 0"
"[Mock] 📡 Distance: 44cm 🟡 CAUTION | Battery:  74% | Gear: R | Speed: 0"
"[Mock] 📡 Distance: 42cm 🟡 CAUTION | Battery:  71% | Gear: R | Speed: 0"
"[Mock] 📡 Distance: 40cm 🟡 CAUTION | Battery:  68% | Gear: R | Speed: 0"
"[Mock] 📡 Distance: 38cm 🟡 CAUTION | Battery:  64% | Gear: R | Speed: 0"
"[Mock] 📡 Distance: 36cm 🟡 CAUTION | Battery:  61% | Gear: R | Speed: 0"
"[Mock] 📡 Distance: 34cm 🟡 CAUTION | Battery:  58% | Gear: R | Speed: 0"
"[Mock] 📡 Distance: 32cm 🟡 CAUTION | Battery:  55% | Gear: R | Speed: 0"
"[Mock] 📡 Distance: 30cm 🟠 WARNING | Battery:  51% | Gear: R | Speed: 0"
"[Mock] 📡 Distance: 28cm 🟠 WARNING | Battery:  48% | Gear: R | Speed: 0"
"[Mock] 📡 Distance: 26cm 🟠 WARNING | Battery:  45% | Gear: R | Speed: 0"
"[Mock] 📡 Distance: 24cm 🟠 WARNING | Battery:  42% | Gear: R | Speed: 0"
"[Mock] 📡 Distance: 22cm 🟠 WARNING | Battery:  38% | Gear: R | Speed: 0"
"[Mock] 📡 Distance: 20cm 🟠 WARNING | Battery:  35% | Gear: R | Speed: 0"
"[Mock] 📡 Distance: 18cm 🟠 WARNING | Battery:  32% | Gear: R | Speed: 0"
"[Mock] 📡 Distance: 16cm 🟠 WARNING | Battery:  28% | Gear: R | Speed: 0"
"[Mock] 📡 Distance: 14cm 🔴 DANGER | Battery:  25% | Gear: R | Speed: 0"
2026-01-15 14:09:50.901959 VehicleControlMock [info] vSomeIP 3.5.8 | (default)
"[Mock] 📡 Distance: 12cm 🔴 DANGER | Battery:  22% | Gear: R | Speed: 0"
"[Mock] 📡 Distance: 10cm 🔴 DANGER | Battery:  19% | Gear: R | Speed: 0"
"[Mock] 📡 Distance:  8cm 🔴 DANGER | Battery:  15% | Gear: R | Speed: 0"
"[Mock] 📡 Distance:  6cm 🔴 DANGER | Battery:  12% | Gear: R | Speed: 0"

═══════════════════════════════════════════════════════
[Mock] ✅ Simulation cycle complete!
       Final: Distance = 5cm, Battery = 10%
       🔄 Restarting in 3 seconds...
═══════════════════════════════════════════════════════

[Mock] 🔄 Restarting simulation cycle
"[Mock] 📡 Distance: 58cm 🟢 SAFE | Battery:  97% | Gear: R | Speed: 0"
"[Mock] 📡 Distance: 56cm 🟢 SAFE | Battery:  94% | Gear: R | Speed: 0"
"[Mock] 📡 Distance: 54cm 🟢 SAFE | Battery:  91% | Gear: R | Speed: 0"
"[Mock] 📡 Distance: 52cm 🟢 SAFE | Battery:  87% | Gear: R | Speed: 0"
"[Mock] 📡 Distance: 50cm 🟡 CAUTION | Battery:  84% | Gear: R | Speed: 0"
"[Mock] 📡 Distance: 48cm 🟡 CAUTION | Battery:  81% | Gear: R | Speed: 0"
"[Mock] 📡 Distance: 46cm 🟡 CAUTION | Battery:  78% | Gear: R | Speed: 0"
"[Mock] 📡 Distance: 44cm 🟡 CAUTION | Battery:  74% | Gear: R | Speed: 0"
"[Mock] 📡 Distance: 42cm 🟡 CAUTION | Battery:  71% | Gear: R | Speed: 0"
2026-01-15 14:10:00.902006 VehicleControlMock [info] vSomeIP 3.5.8 | (default)
"[Mock] 📡 Distance: 40cm 🟡 CAUTION | Battery:  68% | Gear: R | Speed: 0"
"[Mock] 📡 Distance: 38cm 🟡 CAUTION | Battery:  64% | Gear: R | Speed: 0"
"[Mock] 📡 Distance: 36cm 🟡 CAUTION | Battery:  61% | Gear: R | Speed: 0"
"[Mock] 📡 Distance: 34cm 🟡 CAUTION | Battery:  58% | Gear: R | Speed: 0"
"[Mock] 📡 Distance: 32cm 🟡 CAUTION | Battery:  55% | Gear: R | Speed: 0"
"[Mock] 📡 Distance: 30cm 🟠 WARNING | Battery:  51% | Gear: R | Speed: 0"
"[Mock] 📡 Distance: 28cm 🟠 WARNING | Battery:  48% | Gear: R | Speed: 0"
"[Mock] 📡 Distance: 26cm 🟠 WARNING | Battery:  45% | Gear: R | Speed: 0"
"[Mock] 📡 Distance: 24cm 🟠 WARNING | Battery:  42% | Gear: R | Speed: 0"
"[Mock] 📡 Distance: 22cm 🟠 WARNING | Battery:  38% | Gear: R | Speed: 0"
"[Mock] 📡 Distance: 20cm 🟠 WARNING | Battery:  35% | Gear: R | Speed: 0"
"[Mock] 📡 Distance: 18cm 🟠 WARNING | Battery:  32% | Gear: R | Speed: 0"
"[Mock] 📡 Distance: 16cm 🟠 WARNING | Battery:  28% | Gear: R | Speed: 0"
"[Mock] 📡 Distance: 14cm 🔴 DANGER | Battery:  25% | Gear: R | Speed: 0"
"[Mock] 📡 Distance: 12cm 🔴 DANGER | Battery:  22% | Gear: R | Speed: 0"
"[Mock] 📡 Distance: 10cm 🔴 DANGER | Battery:  19% | Gear: R | Speed: 0"
"[Mock] 📡 Distance:  8cm 🔴 DANGER | Battery:  15% | Gear: R | Speed: 0"
"[Mock] 📡 Distance:  6cm 🔴 DANGER | Battery:  12% | Gear: R | Speed: 0"

═══════════════════════════════════════════════════════
[Mock] ✅ Simulation cycle complete!
       Final: Distance = 5cm, Battery = 10%
       🔄 Restarting in 3 seconds...
═══════════════════════════════════════════════════════

2026-01-15 14:10:10.902274 VehicleControlMock [info] vSomeIP 3.5.8 | (default)
[Mock] 🔄 Restarting simulation cycle
"[Mock] 📡 Distance: 58cm 🟢 SAFE | Battery:  97% | Gear: R | Speed: 0"
"[Mock] 📡 Distance: 56cm 🟢 SAFE | Battery:  94% | Gear: R | Speed: 0"
"[Mock] 📡 Distance: 54cm 🟢 SAFE | Battery:  91% | Gear: R | Speed: 0"
2026-01-15 14:10:14.800988 VehicleControlMock [info] Application/Client 1008 is registering.
2026-01-15 14:10:14.801020 VehicleControlMock [info] emb::find_or_create_local: self 1001, client 1008
2026-01-15 14:10:14.801042 VehicleControlMock [info] Client [1001] is connecting to [1008] at /tmp/vsomeip-1008 endpoint > 0x7e4be0000e20
2026-01-15 14:10:14.801084 VehicleControlMock [info] cei::wait_connecting_cbk: endpoint > 0x7e4be0000e20 socket state > 1
2026-01-15 14:10:14.801173 VehicleControlMock [info] REGISTERED_ACK(1008)
2026-01-15 14:10:14.801209 VehicleControlMock [info] REGISTER EVENT(1008): [1234.5678.9c40:eventtype=0:is_provided=false:reliable=2]
2026-01-15 14:10:14.801215 VehicleControlMock [info] REGISTER EVENT(1008): [1234.5678.9c41:eventtype=0:is_provided=false:reliable=2]
2026-01-15 14:10:14.810753 VehicleControlMock [info] REQUEST(1008): [1234.5678:1.4294967295]
2026-01-15 14:10:14.810977 VehicleControlMock [info] SUBSCRIBE(1008): [1234.5678.1234:9c40:1]
2026-01-15 14:10:14.878440 VehicleControlMock [info] UNSUBSCRIBE(1008): [1234.5678.1234.9c40]
2026-01-15 14:10:14.878440 VehicleControlMock [info] UNREGISTER EVENT(1008): [1234.5678.9c41:is_provider=false]
2026-01-15 14:10:14.878508 VehicleControlMock [info] UNREGISTER EVENT(1008): [1234.5678.9c40:is_provider=false]
2026-01-15 14:10:14.878518 VehicleControlMock [info] RELEASE(1008): [1234.5678]
2026-01-15 14:10:14.878673 VehicleControlMock [info] Application/Client 1008 is deregistering.
2026-01-15 14:10:14.878711 VehicleControlMock [info] emb::remove_local: self 1001, client 1008
2026-01-15 14:10:14.878732 VehicleControlMock [info] lucei::receive_cbk: Error: Operation canceled | endpoint > 0x7e4be0000e20
2026-01-15 14:10:14.878738 VehicleControlMock [info] cei::shutdown_and_close_socket_unlocked: not recreating socket  endpoint > 0x7e4be0000e20 socket state > 0
2026-01-15 14:10:14.878754 VehicleControlMock [info] Client [1001] is closing connection to [1008] endpoint > 0x7e4be0000e20
2026-01-15 14:10:14.878880 VehicleControlMock [info] lusei::receive_cbk closing connection due to is_stopped 0, error 'End of file', is_error 0, endpoint > 0x7e4bec002980
"[Mock] 📡 Distance: 52cm 🟢 SAFE | Battery:  87% | Gear: R | Speed: 0"
"[Mock] 📡 Distance: 50cm 🟡 CAUTION | Battery:  84% | Gear: R | Speed: 0"
"[Mock] 📡 Distance: 48cm 🟡 CAUTION | Battery:  81% | Gear: R | Speed: 0"
"[Mock] 📡 Distance: 46cm 🟡 CAUTION | Battery:  78% | Gear: R | Speed: 0"
"[Mock] 📡 Distance: 44cm 🟡 CAUTION | Battery:  74% | Gear: R | Speed: 0"
"[Mock] 📡 Distance: 42cm 🟡 CAUTION | Battery:  71% | Gear: R | Speed: 0"
"[Mock] 📡 Distance: 40cm 🟡 CAUTION | Battery:  68% | Gear: R | Speed: 0"
"[Mock] 📡 Distance: 38cm 🟡 CAUTION | Battery:  64% | Gear: R | Speed: 0"
"[Mock] 📡 Distance: 36cm 🟡 CAUTION | Battery:  61% | Gear: R | Speed: 0"
"[Mock] 📡 Distance: 34cm 🟡 CAUTION | Battery:  58% | Gear: R | Speed: 0"
"[Mock] 📡 Distance: 32cm 🟡 CAUTION | Battery:  55% | Gear: R | Speed: 0"
"[Mock] 📡 Distance: 30cm 🟠 WARNING | Battery:  51% | Gear: R | Speed: 0"
2026-01-15 14:10:20.902358 VehicleControlMock [info] vSomeIP 3.5.8 | (default)
"[Mock] 📡 Distance: 28cm 🟠 WARNING | Battery:  48% | Gear: R | Speed: 0"
"[Mock] 📡 Distance: 26cm 🟠 WARNING | Battery:  45% | Gear: R | Speed: 0"
"[Mock] 📡 Distance: 24cm 🟠 WARNING | Battery:  42% | Gear: R | Speed: 0"
"[Mock] 📡 Distance: 22cm 🟠 WARNING | Battery:  38% | Gear: R | Speed: 0"
"[Mock] 📡 Distance: 20cm 🟠 WARNING | Battery:  35% | Gear: R | Speed: 0"
"[Mock] 📡 Distance: 18cm 🟠 WARNING | Battery:  32% | Gear: R | Speed: 0"
"[Mock] 📡 Distance: 16cm 🟠 WARNING | Battery:  28% | Gear: R | Speed: 0"
"[Mock] 📡 Distance: 14cm 🔴 DANGER | Battery:  25% | Gear: R | Speed: 0"
"[Mock] 📡 Distance: 12cm 🔴 DANGER | Battery:  22% | Gear: R | Speed: 0"
"[Mock] 📡 Distance: 10cm 🔴 DANGER | Battery:  19% | Gear: R | Speed: 0"
"[Mock] 📡 Distance:  8cm 🔴 DANGER | Battery:  15% | Gear: R | Speed: 0"
"[Mock] 📡 Distance:  6cm 🔴 DANGER | Battery:  12% | Gear: R | Speed: 0"

═══════════════════════════════════════════════════════
[Mock] ✅ Simulation cycle complete!
       Final: Distance = 5cm, Battery = 10%
       🔄 Restarting in 3 seconds...
═══════════════════════════════════════════════════════

[Mock] 🔄 Restarting simulation cycle
"[Mock] 📡 Distance: 58cm 🟢 SAFE | Battery:  97% | Gear: R | Speed: 0"
2026-01-15 14:10:30.902485 VehicleControlMock [info] vSomeIP 3.5.8 | (default)
"[Mock] 📡 Distance: 56cm 🟢 SAFE | Battery:  94% | Gear: R | Speed: 0"
"[Mock] 📡 Distance: 54cm 🟢 SAFE | Battery:  91% | Gear: R | Speed: 0"
"[Mock] 📡 Distance: 52cm 🟢 SAFE | Battery:  87% | Gear: R | Speed: 0"
"[Mock] 📡 Distance: 50cm 🟡 CAUTION | Battery:  84% | Gear: R | Speed: 0"
"[Mock] 📡 Distance: 48cm 🟡 CAUTION | Battery:  81% | Gear: R | Speed: 0"
"[Mock] 📡 Distance: 46cm 🟡 CAUTION | Battery:  78% | Gear: R | Speed: 0"
"[Mock] 📡 Distance: 44cm 🟡 CAUTION | Battery:  74% | Gear: R | Speed: 0"
"[Mock] 📡 Distance: 42cm 🟡 CAUTION | Battery:  71% | Gear: R | Speed: 0"
"[Mock] 📡 Distance: 40cm 🟡 CAUTION | Battery:  68% | Gear: R | Speed: 0"
"[Mock] 📡 Distance: 38cm 🟡 CAUTION | Battery:  64% | Gear: R | Speed: 0"
"[Mock] 📡 Distance: 36cm 🟡 CAUTION | Battery:  61% | Gear: R | Speed: 0"
"[Mock] 📡 Distance: 34cm 🟡 CAUTION | Battery:  58% | Gear: R | Speed: 0"
"[Mock] 📡 Distance: 32cm 🟡 CAUTION | Battery:  55% | Gear: R | Speed: 0"
"[Mock] 📡 Distance: 30cm 🟠 WARNING | Battery:  51% | Gear: R | Speed: 0"
"[Mock] 📡 Distance: 28cm 🟠 WARNING | Battery:  48% | Gear: R | Speed: 0"
"[Mock] 📡 Distance: 26cm 🟠 WARNING | Battery:  45% | Gear: R | Speed: 0"
"[Mock] 📡 Distance: 24cm 🟠 WARNING | Battery:  42% | Gear: R | Speed: 0"
"[Mock] 📡 Distance: 22cm 🟠 WARNING | Battery:  38% | Gear: R | Speed: 0"
"[Mock] 📡 Distance: 20cm 🟠 WARNING | Battery:  35% | Gear: R | Speed: 0"
"[Mock] 📡 Distance: 18cm 🟠 WARNING | Battery:  32% | Gear: R | Speed: 0"
2026-01-15 14:10:40.902533 VehicleControlMock [info] vSomeIP 3.5.8 | (default)
"[Mock] 📡 Distance: 16cm 🟠 WARNING | Battery:  28% | Gear: R | Speed: 0"
"[Mock] 📡 Distance: 14cm 🔴 DANGER | Battery:  25% | Gear: R | Speed: 0"
"[Mock] 📡 Distance: 12cm 🔴 DANGER | Battery:  22% | Gear: R | Speed: 0"
"[Mock] 📡 Distance: 10cm 🔴 DANGER | Battery:  19% | Gear: R | Speed: 0"
"[Mock] 📡 Distance:  8cm 🔴 DANGER | Battery:  15% | Gear: R | Speed: 0"
"[Mock] 📡 Distance:  6cm 🔴 DANGER | Battery:  12% | Gear: R | Speed: 0"

═══════════════════════════════════════════════════════
[Mock] ✅ Simulation cycle complete!
       Final: Distance = 5cm, Battery = 10%
       🔄 Restarting in 3 seconds...
═══════════════════════════════════════════════════════

[Mock] 🔄 Restarting simulation cycle
"[Mock] 📡 Distance: 58cm 🟢 SAFE | Battery:  97% | Gear: R | Speed: 0"
"[Mock] 📡 Distance: 56cm 🟢 SAFE | Battery:  94% | Gear: R | Speed: 0"
"[Mock] 📡 Distance: 54cm 🟢 SAFE | Battery:  91% | Gear: R | Speed: 0"
"[Mock] 📡 Distance: 52cm 🟢 SAFE | Battery:  87% | Gear: R | Speed: 0"
"[Mock] 📡 Distance: 50cm 🟡 CAUTION | Battery:  84% | Gear: R | Speed: 0"
"[Mock] 📡 Distance: 48cm 🟡 CAUTION | Battery:  81% | Gear: R | Speed: 0"
"[Mock] 📡 Distance: 46cm 🟡 CAUTION | Battery:  78% | Gear: R | Speed: 0"
2026-01-15 14:10:50.902709 VehicleControlMock [info] vSomeIP 3.5.8 | (default)
"[Mock] 📡 Distance: 44cm 🟡 CAUTION | Battery:  74% | Gear: R | Speed: 0"
"[Mock] 📡 Distance: 42cm 🟡 CAUTION | Battery:  71% | Gear: R | Speed: 0"
"[Mock] 📡 Distance: 40cm 🟡 CAUTION | Battery:  68% | Gear: R | Speed: 0"
"[Mock] 📡 Distance: 38cm 🟡 CAUTION | Battery:  64% | Gear: R | Speed: 0"
"[Mock] 📡 Distance: 36cm 🟡 CAUTION | Battery:  61% | Gear: R | Speed: 0"
"[Mock] 📡 Distance: 34cm 🟡 CAUTION | Battery:  58% | Gear: R | Speed: 0"
"[Mock] 📡 Distance: 32cm 🟡 CAUTION | Battery:  55% | Gear: R | Speed: 0"
"[Mock] 📡 Distance: 30cm 🟠 WARNING | Battery:  51% | Gear: R | Speed: 0"
"[Mock] 📡 Distance: 28cm 🟠 WARNING | Battery:  48% | Gear: R | Speed: 0"
"[Mock] 📡 Distance: 26cm 🟠 WARNING | Battery:  45% | Gear: R | Speed: 0"
"[Mock] 📡 Distance: 24cm 🟠 WARNING | Battery:  42% | Gear: R | Speed: 0"
"[Mock] 📡 Distance: 22cm 🟠 WARNING | Battery:  38% | Gear: R | Speed: 0"
"[Mock] 📡 Distance: 20cm 🟠 WARNING | Battery:  35% | Gear: R | Speed: 0"
"[Mock] 📡 Distance: 18cm 🟠 WARNING | Battery:  32% | Gear: R | Speed: 0"
"[Mock] 📡 Distance: 16cm 🟠 WARNING | Battery:  28% | Gear: R | Speed: 0"
"[Mock] 📡 Distance: 14cm 🔴 DANGER | Battery:  25% | Gear: R | Speed: 0"
"[Mock] 📡 Distance: 12cm 🔴 DANGER | Battery:  22% | Gear: R | Speed: 0"
"[Mock] 📡 Distance: 10cm 🔴 DANGER | Battery:  19% | Gear: R | Speed: 0"
"[Mock] 📡 Distance:  8cm 🔴 DANGER | Battery:  15% | Gear: R | Speed: 0"
"[Mock] 📡 Distance:  6cm 🔴 DANGER | Battery:  12% | Gear: R | Speed: 0"
2026-01-15 14:11:00.902866 VehicleControlMock [info] vSomeIP 3.5.8 | (default)

═══════════════════════════════════════════════════════
[Mock] ✅ Simulation cycle complete!
       Final: Distance = 5cm, Battery = 10%
       🔄 Restarting in 3 seconds...
═══════════════════════════════════════════════════════

[Mock] 🔄 Restarting simulation cycle
"[Mock] 📡 Distance: 58cm 🟢 SAFE | Battery:  97% | Gear: R | Speed: 0"
"[Mock] 📡 Distance: 56cm 🟢 SAFE | Battery:  94% | Gear: R | Speed: 0"
2026-01-15 14:11:05.304768 VehicleControlMock [info] Application/Client 1009 is registering.
2026-01-15 14:11:05.304802 VehicleControlMock [info] emb::find_or_create_local: self 1001, client 1009
2026-01-15 14:11:05.304820 VehicleControlMock [info] Client [1001] is connecting to [1009] at /tmp/vsomeip-1009 endpoint > 0x7e4be0000e20
2026-01-15 14:11:05.304857 VehicleControlMock [info] cei::wait_connecting_cbk: endpoint > 0x7e4be0000e20 socket state > 1
2026-01-15 14:11:05.304932 VehicleControlMock [info] REGISTERED_ACK(1009)
2026-01-15 14:11:05.305023 VehicleControlMock [info] REGISTER EVENT(1009): [1234.5678.9c40:eventtype=0:is_provided=false:reliable=2]
2026-01-15 14:11:05.305036 VehicleControlMock [info] REGISTER EVENT(1009): [1234.5678.9c41:eventtype=0:is_provided=false:reliable=2]
2026-01-15 14:11:05.314510 VehicleControlMock [info] REQUEST(1009): [1234.5678:1.4294967295]
2026-01-15 14:11:05.314783 VehicleControlMock [info] SUBSCRIBE(1009): [1234.5678.1234:9c40:1]

[Mock] 📞 RPC Call: setGearPosition( "R" )
[Mock] ✓ Gear changed: "R" → "R"
[Mock] 📡 Broadcast: gearDistanceChanged
2026-01-15 14:11:05.397430 VehicleControlMock [info] lucei::receive_cbk: Error: End of file | endpoint > 0x7e4be0000e20
2026-01-15 14:11:05.397429 VehicleControlMock [info] lusei::receive_cbk closing connection due to is_stopped 0, error 'End of file', is_error 0, endpoint > 0x7e4bf8005a10
2026-01-15 14:11:05.397473 VehicleControlMock [info] rmi::handle_client_error Client 0x1001 handles a client error 0x1009
2026-01-15 14:11:05.397497 VehicleControlMock [info] Application/Client 1009 is deregistering.
2026-01-15 14:11:05.397510 VehicleControlMock [info] lusei::receive_cbk closing connection due to is_stopped 0, error 'End of file', is_error 0, endpoint > 0x7e4bf8006290
2026-01-15 14:11:05.397566 VehicleControlMock [info] UNSUBSCRIBE(1009): [1234.5678.1234.ffff]
2026-01-15 14:11:05.397615 VehicleControlMock [info] emb::remove_local: self 1001, client 1009
2026-01-15 14:11:05.397635 VehicleControlMock [info] cei::shutdown_and_close_socket_unlocked: not recreating socket  endpoint > 0x7e4be0000e20 socket state > 0
2026-01-15 14:11:05.397641 VehicleControlMock [info] Client [1001] is closing connection to [1009] endpoint > 0x7e4be0000e20
"[Mock] 📡 Distance: 54cm 🟢 SAFE | Battery:  91% | Gear: R | Speed: 0"
"[Mock] 📡 Distance: 52cm 🟢 SAFE | Battery:  87% | Gear: R | Speed: 0"
"[Mock] 📡 Distance: 50cm 🟡 CAUTION | Battery:  84% | Gear: R | Speed: 0"
"[Mock] 📡 Distance: 48cm 🟡 CAUTION | Battery:  81% | Gear: R | Speed: 0"
"[Mock] 📡 Distance: 46cm 🟡 CAUTION | Battery:  78% | Gear: R | Speed: 0"
"[Mock] 📡 Distance: 44cm 🟡 CAUTION | Battery:  74% | Gear: R | Speed: 0"
"[Mock] 📡 Distance: 42cm 🟡 CAUTION | Battery:  71% | Gear: R | Speed: 0"
"[Mock] 📡 Distance: 40cm 🟡 CAUTION | Battery:  68% | Gear: R | Speed: 0"
2026-01-15 14:11:09.308166 VehicleControlMock [info] Application/Client 100a is registering.
2026-01-15 14:11:09.308334 VehicleControlMock [info] emb::find_or_create_local: self 1001, client 100a
2026-01-15 14:11:09.308358 VehicleControlMock [info] Client [1001] is connecting to [100a] at /tmp/vsomeip-100a endpoint > 0x7e4be0000e20
2026-01-15 14:11:09.308395 VehicleControlMock [info] cei::wait_connecting_cbk: endpoint > 0x7e4be0000e20 socket state > 1
2026-01-15 14:11:09.308472 VehicleControlMock [info] REGISTERED_ACK(100a)
2026-01-15 14:11:09.308509 VehicleControlMock [info] REGISTER EVENT(100a): [1234.5678.9c40:eventtype=0:is_provided=false:reliable=2]
2026-01-15 14:11:09.308522 VehicleControlMock [info] REGISTER EVENT(100a): [1234.5678.9c41:eventtype=0:is_provided=false:reliable=2]
2026-01-15 14:11:09.317962 VehicleControlMock [info] REQUEST(100a): [1234.5678:1.4294967295]
2026-01-15 14:11:09.318148 VehicleControlMock [info] SUBSCRIBE(100a): [1234.5678.1234:9c40:1]

[Mock] 📞 RPC Call: setGearPosition( "R" )
[Mock] ✓ Gear changed: "R" → "R"
[Mock] 📡 Broadcast: gearDistanceChanged
2026-01-15 14:11:09.401094 VehicleControlMock [info] lucei::receive_cbk: Error: End of file | endpoint > 0x7e4be0000e20
2026-01-15 14:11:09.401103 VehicleControlMock [info] lusei::receive_cbk closing connection due to is_stopped 0, error 'End of file', is_error 0, endpoint > 0x7e4bf80090f0
2026-01-15 14:11:09.401139 VehicleControlMock [info] rmi::handle_client_error Client 0x1001 handles a client error 0x100a
2026-01-15 14:11:09.401185 VehicleControlMock [info] Application/Client 100a is deregistering.
2026-01-15 14:11:09.401189 VehicleControlMock [info] lusei::receive_cbk closing connection due to is_stopped 0, error 'End of file', is_error 0, endpoint > 0x7e4bec002980
2026-01-15 14:11:09.401217 VehicleControlMock [info] UNSUBSCRIBE(100a): [1234.5678.1234.ffff]
2026-01-15 14:11:09.401244 VehicleControlMock [info] emb::remove_local: self 1001, client 100a
2026-01-15 14:11:09.401263 VehicleControlMock [info] cei::shutdown_and_close_socket_unlocked: not recreating socket  endpoint > 0x7e4be0000e20 socket state > 0
2026-01-15 14:11:09.401269 VehicleControlMock [info] Client [1001] is closing connection to [100a] endpoint > 0x7e4be0000e20
"[Mock] 📡 Distance: 38cm 🟡 CAUTION | Battery:  64% | Gear: R | Speed: 0"
"[Mock] 📡 Distance: 36cm 🟡 CAUTION | Battery:  61% | Gear: R | Speed: 0"
"[Mock] 📡 Distance: 34cm 🟡 CAUTION | Battery:  58% | Gear: R | Speed: 0"
2026-01-15 14:11:10.903005 VehicleControlMock [info] vSomeIP 3.5.8 | (default)
"[Mock] 📡 Distance: 32cm 🟡 CAUTION | Battery:  55% | Gear: R | Speed: 0"
"[Mock] 📡 Distance: 30cm 🟠 WARNING | Battery:  51% | Gear: R | Speed: 0"
"[Mock] 📡 Distance: 28cm 🟠 WARNING | Battery:  48% | Gear: R | Speed: 0"
"[Mock] 📡 Distance: 26cm 🟠 WARNING | Battery:  45% | Gear: R | Speed: 0"
"[Mock] 📡 Distance: 24cm 🟠 WARNING | Battery:  42% | Gear: R | Speed: 0"
"[Mock] 📡 Distance: 22cm 🟠 WARNING | Battery:  38% | Gear: R | Speed: 0"
"[Mock] 📡 Distance: 20cm 🟠 WARNING | Battery:  35% | Gear: R | Speed: 0"
"[Mock] 📡 Distance: 18cm 🟠 WARNING | Battery:  32% | Gear: R | Speed: 0"
"[Mock] 📡 Distance: 16cm 🟠 WARNING | Battery:  28% | Gear: R | Speed: 0"
"[Mock] 📡 Distance: 14cm 🔴 DANGER | Battery:  25% | Gear: R | Speed: 0"
"[Mock] 📡 Distance: 12cm 🔴 DANGER | Battery:  22% | Gear: R | Speed: 0"
"[Mock] 📡 Distance: 10cm 🔴 DANGER | Battery:  19% | Gear: R | Speed: 0"
"[Mock] 📡 Distance:  8cm 🔴 DANGER | Battery:  15% | Gear: R | Speed: 0"
"[Mock] 📡 Distance:  6cm 🔴 DANGER | Battery:  12% | Gear: R | Speed: 0"

═══════════════════════════════════════════════════════
[Mock] ✅ Simulation cycle complete!
       Final: Distance = 5cm, Battery = 10%
       🔄 Restarting in 3 seconds...
═══════════════════════════════════════════════════════

2026-01-15 14:11:19.242199 VehicleControlMock [info] Application/Client 100b is registering.
2026-01-15 14:11:19.242238 VehicleControlMock [info] emb::find_or_create_local: self 1001, client 100b
2026-01-15 14:11:19.242258 VehicleControlMock [info] Client [1001] is connecting to [100b] at /tmp/vsomeip-100b endpoint > 0x7e4be0000e20
2026-01-15 14:11:19.242296 VehicleControlMock [info] cei::wait_connecting_cbk: endpoint > 0x7e4be0000e20 socket state > 3
2026-01-15 14:11:19.242430 VehicleControlMock [info] REGISTERED_ACK(100b)
2026-01-15 14:11:19.242460 VehicleControlMock [info] REGISTER EVENT(100b): [1234.5678.9c40:eventtype=0:is_provided=false:reliable=2]
2026-01-15 14:11:19.242480 VehicleControlMock [info] REGISTER EVENT(100b): [1234.5678.9c41:eventtype=0:is_provided=false:reliable=2]
2026-01-15 14:11:19.251883 VehicleControlMock [info] REQUEST(100b): [1234.5678:1.4294967295]
2026-01-15 14:11:19.252154 VehicleControlMock [info] SUBSCRIBE(100b): [1234.5678.1234:9c40:1]

[Mock] 📞 RPC Call: setGearPosition( "R" )
[Mock] ✓ Gear changed: "R" → "R"
[Mock] 📡 Broadcast: gearDistanceChanged
[Mock] 🚗 Reverse gear engaged - starting PDC simulation
QObject::startTimer: Timers cannot be started from another thread
2026-01-15 14:11:19.339580 VehicleControlMock [info] lusei::receive_cbk closing connection due to is_stopped 0, error 'End of file', is_error 0, endpoint > 0x7e4bec002240
2026-01-15 14:11:19.339619 VehicleControlMock [info] lucei::receive_cbk: Error: End of file | endpoint > 0x7e4be0000e20
2026-01-15 14:11:19.339644 VehicleControlMock [info] rmi::handle_client_error Client 0x1001 handles a client error 0x100b
2026-01-15 14:11:19.339652 VehicleControlMock [info] Application/Client 100b is deregistering.
2026-01-15 14:11:19.339646 VehicleControlMock [info] lusei::receive_cbk closing connection due to is_stopped 0, error 'End of file', is_error 0, endpoint > 0x5656e8c3fbb0
2026-01-15 14:11:19.339673 VehicleControlMock [info] UNSUBSCRIBE(100b): [1234.5678.1234.ffff]
2026-01-15 14:11:19.339693 VehicleControlMock [info] emb::remove_local: self 1001, client 100b
2026-01-15 14:11:19.339714 VehicleControlMock [info] cei::shutdown_and_close_socket_unlocked: not recreating socket  endpoint > 0x7e4be0000e20 socket state > 0
2026-01-15 14:11:19.339719 VehicleControlMock [info] Client [1001] is closing connection to [100b] endpoint > 0x7e4be0000e20
2026-01-15 14:11:20.903139 VehicleControlMock [info] vSomeIP 3.5.8 | (default)
[Mock] 🔄 Restarting simulation cycle
"[Mock] 📡 Distance: 58cm 🟢 SAFE | Battery:  97% | Gear: R | Speed: 0"
"[Mock] 📡 Distance: 56cm 🟢 SAFE | Battery:  94% | Gear: R | Speed: 0"
"[Mock] 📡 Distance: 54cm 🟢 SAFE | Battery:  91% | Gear: R | Speed: 0"
"[Mock] 📡 Distance: 52cm 🟢 SAFE | Battery:  87% | Gear: R | Speed: 0"
"[Mock] 📡 Distance: 50cm 🟡 CAUTION | Battery:  84% | Gear: R | Speed: 0"
"[Mock] 📡 Distance: 48cm 🟡 CAUTION | Battery:  81% | Gear: R | Speed: 0"
"[Mock] 📡 Distance: 46cm 🟡 CAUTION | Battery:  78% | Gear: R | Speed: 0"
"[Mock] 📡 Distance: 44cm 🟡 CAUTION | Battery:  74% | Gear: R | Speed: 0"
"[Mock] 📡 Distance: 42cm 🟡 CAUTION | Battery:  71% | Gear: R | Speed: 0"
"[Mock] 📡 Distance: 40cm 🟡 CAUTION | Battery:  68% | Gear: R | Speed: 0"
"[Mock] 📡 Distance: 38cm 🟡 CAUTION | Battery:  64% | Gear: R | Speed: 0"
"[Mock] 📡 Distance: 36cm 🟡 CAUTION | Battery:  61% | Gear: R | Speed: 0"
"[Mock] 📡 Distance: 34cm 🟡 CAUTION | Battery:  58% | Gear: R | Speed: 0"
"[Mock] 📡 Distance: 32cm 🟡 CAUTION | Battery:  55% | Gear: R | Speed: 0"
"[Mock] 📡 Distance: 30cm 🟠 WARNING | Battery:  51% | Gear: R | Speed: 0"
"[Mock] 📡 Distance: 28cm 🟠 WARNING | Battery:  48% | Gear: R | Speed: 0"
"[Mock] 📡 Distance: 26cm 🟠 WARNING | Battery:  45% | Gear: R | Speed: 0"
"[Mock] 📡 Distance: 24cm 🟠 WARNING | Battery:  42% | Gear: R | Speed: 0"
"[Mock] 📡 Distance: 22cm 🟠 WARNING | Battery:  38% | Gear: R | Speed: 0"
2026-01-15 14:11:30.903270 VehicleControlMock [info] vSomeIP 3.5.8 | (default)
"[Mock] 📡 Distance: 20cm 🟠 WARNING | Battery:  35% | Gear: R | Speed: 0"
"[Mock] 📡 Distance: 18cm 🟠 WARNING | Battery:  32% | Gear: R | Speed: 0"
"[Mock] 📡 Distance: 16cm 🟠 WARNING | Battery:  28% | Gear: R | Speed: 0"
"[Mock] 📡 Distance: 14cm 🔴 DANGER | Battery:  25% | Gear: R | Speed: 0"
"[Mock] 📡 Distance: 12cm 🔴 DANGER | Battery:  22% | Gear: R | Speed: 0"
"[Mock] 📡 Distance: 10cm 🔴 DANGER | Battery:  19% | Gear: R | Speed: 0"
"[Mock] 📡 Distance:  8cm 🔴 DANGER | Battery:  15% | Gear: R | Speed: 0"
"[Mock] 📡 Distance:  6cm 🔴 DANGER | Battery:  12% | Gear: R | Speed: 0"

═══════════════════════════════════════════════════════
[Mock] ✅ Simulation cycle complete!
       Final: Distance = 5cm, Battery = 10%
       🔄 Restarting in 3 seconds...
═══════════════════════════════════════════════════════

2026-01-15 14:11:35.660414 VehicleControlMock [info] Application/Client 100c is registering.
2026-01-15 14:11:35.660588 VehicleControlMock [info] emb::find_or_create_local: self 1001, client 100c
2026-01-15 14:11:35.660613 VehicleControlMock [info] Client [1001] is connecting to [100c] at /tmp/vsomeip-100c endpoint > 0x7e4be0000e20
2026-01-15 14:11:35.660750 VehicleControlMock [info] cei::wait_connecting_cbk: endpoint > 0x7e4be0000e20 socket state > 2
2026-01-15 14:11:35.660788 VehicleControlMock [info] REGISTERED_ACK(100c)
2026-01-15 14:11:35.660811 VehicleControlMock [info] REGISTER EVENT(100c): [1234.5678.9c40:eventtype=0:is_provided=false:reliable=2]
2026-01-15 14:11:35.660815 VehicleControlMock [info] REGISTER EVENT(100c): [1234.5678.9c41:eventtype=0:is_provided=false:reliable=2]
2026-01-15 14:11:35.670244 VehicleControlMock [info] REQUEST(100c): [1234.5678:1.4294967295]
2026-01-15 14:11:35.670396 VehicleControlMock [info] SUBSCRIBE(100c): [1234.5678.1234:9c40:1]

[Mock] 📞 RPC Call: setGearPosition( "R" )
[Mock] ✓ Gear changed: "R" → "R"
[Mock] 📡 Broadcast: gearDistanceChanged
[Mock] 🚗 Reverse gear engaged - starting PDC simulation
QObject::startTimer: Timers cannot be started from another thread
2026-01-15 14:11:35.730845 VehicleControlMock [info] lusei::receive_cbk closing connection due to is_stopped 0, error 'End of file', is_error 0, endpoint > 0x7e4bec002980
2026-01-15 14:11:35.730854 VehicleControlMock [info] lucei::receive_cbk: Error: End of file | endpoint > 0x7e4be0000e20
2026-01-15 14:11:35.730907 VehicleControlMock [info] lusei::receive_cbk closing connection due to is_stopped 0, error 'End of file', is_error 0, endpoint > 0x7e4bf8006290
2026-01-15 14:11:35.730907 VehicleControlMock [info] rmi::handle_client_error Client 0x1001 handles a client error 0x100c
2026-01-15 14:11:35.730930 VehicleControlMock [info] Application/Client 100c is deregistering.
2026-01-15 14:11:35.730956 VehicleControlMock [info] UNSUBSCRIBE(100c): [1234.5678.1234.ffff]
2026-01-15 14:11:35.730989 VehicleControlMock [info] emb::remove_local: self 1001, client 100c
2026-01-15 14:11:35.731008 VehicleControlMock [info] cei::shutdown_and_close_socket_unlocked: not recreating socket  endpoint > 0x7e4be0000e20 socket state > 0
2026-01-15 14:11:35.731017 VehicleControlMock [info] Client [1001] is closing connection to [100c] endpoint > 0x7e4be0000e20
[Mock] 🔄 Restarting simulation cycle
"[Mock] 📡 Distance: 58cm 🟢 SAFE | Battery:  97% | Gear: R | Speed: 0"
"[Mock] 📡 Distance: 56cm 🟢 SAFE | Battery:  94% | Gear: R | Speed: 0"
2026-01-15 14:11:39.308258 VehicleControlMock [info] Application/Client 100d is registering.
2026-01-15 14:11:39.308294 VehicleControlMock [info] emb::find_or_create_local: self 1001, client 100d
2026-01-15 14:11:39.308314 VehicleControlMock [info] Client [1001] is connecting to [100d] at /tmp/vsomeip-100d endpoint > 0x7e4be0000e20
2026-01-15 14:11:39.308358 VehicleControlMock [info] cei::wait_connecting_cbk: endpoint > 0x7e4be0000e20 socket state > 1
2026-01-15 14:11:39.308426 VehicleControlMock [info] REGISTERED_ACK(100d)
2026-01-15 14:11:39.308467 VehicleControlMock [info] REGISTER EVENT(100d): [1234.5678.9c40:eventtype=0:is_provided=false:reliable=2]
2026-01-15 14:11:39.308478 VehicleControlMock [info] REGISTER EVENT(100d): [1234.5678.9c41:eventtype=0:is_provided=false:reliable=2]
2026-01-15 14:11:39.317874 VehicleControlMock [info] REQUEST(100d): [1234.5678:1.4294967295]
2026-01-15 14:11:39.318108 VehicleControlMock [info] SUBSCRIBE(100d): [1234.5678.1234:9c40:1]

[Mock] 📞 RPC Call: setGearPosition( "R" )
[Mock] ✓ Gear changed: "R" → "R"
[Mock] 📡 Broadcast: gearDistanceChanged
2026-01-15 14:11:39.402391 VehicleControlMock [info] lusei::receive_cbk closing connection due to is_stopped 0, error 'End of file', is_error 0, endpoint > 0x7e4bec003220
2026-01-15 14:11:39.402396 VehicleControlMock [info] lucei::receive_cbk: Error: End of file | endpoint > 0x7e4be0000e20
2026-01-15 14:11:39.402455 VehicleControlMock [info] lusei::receive_cbk closing connection due to is_stopped 0, error 'End of file', is_error 0, endpoint > 0x7e4bf80090f0
2026-01-15 14:11:39.402464 VehicleControlMock [info] rmi::handle_client_error Client 0x1001 handles a client error 0x100d
2026-01-15 14:11:39.402487 VehicleControlMock [info] Application/Client 100d is deregistering.
2026-01-15 14:11:39.402509 VehicleControlMock [info] UNSUBSCRIBE(100d): [1234.5678.1234.ffff]
2026-01-15 14:11:39.402528 VehicleControlMock [info] emb::remove_local: self 1001, client 100d
2026-01-15 14:11:39.402551 VehicleControlMock [info] cei::shutdown_and_close_socket_unlocked: not recreating socket  endpoint > 0x7e4be0000e20 socket state > 0
2026-01-15 14:11:39.402561 VehicleControlMock [info] Client [1001] is closing connection to [100d] endpoint > 0x7e4be0000e20
"[Mock] 📡 Distance: 54cm 🟢 SAFE | Battery:  91% | Gear: R | Speed: 0"
"[Mock] 📡 Distance: 52cm 🟢 SAFE | Battery:  87% | Gear: R | Speed: 0"
"[Mock] 📡 Distance: 50cm 🟡 CAUTION | Battery:  84% | Gear: R | Speed: 0"
2026-01-15 14:11:40.903411 VehicleControlMock [info] vSomeIP 3.5.8 | (default)
"[Mock] 📡 Distance: 48cm 🟡 CAUTION | Battery:  81% | Gear: R | Speed: 0"
"[Mock] 📡 Distance: 46cm 🟡 CAUTION | Battery:  78% | Gear: R | Speed: 0"
"[Mock] 📡 Distance: 44cm 🟡 CAUTION | Battery:  74% | Gear: R | Speed: 0"
"[Mock] 📡 Distance: 42cm 🟡 CAUTION | Battery:  71% | Gear: R | Speed: 0"
"[Mock] 📡 Distance: 40cm 🟡 CAUTION | Battery:  68% | Gear: R | Speed: 0"
"[Mock] 📡 Distance: 38cm 🟡 CAUTION | Battery:  64% | Gear: R | Speed: 0"
"[Mock] 📡 Distance: 36cm 🟡 CAUTION | Battery:  61% | Gear: R | Speed: 0"
"[Mock] 📡 Distance: 34cm 🟡 CAUTION | Battery:  58% | Gear: R | Speed: 0"
"[Mock] 📡 Distance: 32cm 🟡 CAUTION | Battery:  55% | Gear: R | Speed: 0"
"[Mock] 📡 Distance: 30cm 🟠 WARNING | Battery:  51% | Gear: R | Speed: 0"
"[Mock] 📡 Distance: 28cm 🟠 WARNING | Battery:  48% | Gear: R | Speed: 0"
"[Mock] 📡 Distance: 26cm 🟠 WARNING | Battery:  45% | Gear: R | Speed: 0"
"[Mock] 📡 Distance: 24cm 🟠 WARNING | Battery:  42% | Gear: R | Speed: 0"
"[Mock] 📡 Distance: 22cm 🟠 WARNING | Battery:  38% | Gear: R | Speed: 0"
"[Mock] 📡 Distance: 20cm 🟠 WARNING | Battery:  35% | Gear: R | Speed: 0"
"[Mock] 📡 Distance: 18cm 🟠 WARNING | Battery:  32% | Gear: R | Speed: 0"
"[Mock] 📡 Distance: 16cm 🟠 WARNING | Battery:  28% | Gear: R | Speed: 0"
"[Mock] 📡 Distance: 14cm 🔴 DANGER | Battery:  25% | Gear: R | Speed: 0"
"[Mock] 📡 Distance: 12cm 🔴 DANGER | Battery:  22% | Gear: R | Speed: 0"
"[Mock] 📡 Distance: 10cm 🔴 DANGER | Battery:  19% | Gear: R | Speed: 0"
2026-01-15 14:11:50.903576 VehicleControlMock [info] vSomeIP 3.5.8 | (default)
"[Mock] 📡 Distance:  8cm 🔴 DANGER | Battery:  15% | Gear: R | Speed: 0"
"[Mock] 📡 Distance:  6cm 🔴 DANGER | Battery:  12% | Gear: R | Speed: 0"

═══════════════════════════════════════════════════════
[Mock] ✅ Simulation cycle complete!
       Final: Distance = 5cm, Battery = 10%
       🔄 Restarting in 3 seconds...
═══════════════════════════════════════════════════════

[Mock] 🔄 Restarting simulation cycle
"[Mock] 📡 Distance: 58cm 🟢 SAFE | Battery:  97% | Gear: R | Speed: 0"
"[Mock] 📡 Distance: 56cm 🟢 SAFE | Battery:  94% | Gear: R | Speed: 0"
"[Mock] 📡 Distance: 54cm 🟢 SAFE | Battery:  91% | Gear: R | Speed: 0"
"[Mock] 📡 Distance: 52cm 🟢 SAFE | Battery:  87% | Gear: R | Speed: 0"
"[Mock] 📡 Distance: 50cm 🟡 CAUTION | Battery:  84% | Gear: R | Speed: 0"
"[Mock] 📡 Distance: 48cm 🟡 CAUTION | Battery:  81% | Gear: R | Speed: 0"
"[Mock] 📡 Distance: 46cm 🟡 CAUTION | Battery:  78% | Gear: R | Speed: 0"
"[Mock] 📡 Distance: 44cm 🟡 CAUTION | Battery:  74% | Gear: R | Speed: 0"
"[Mock] 📡 Distance: 42cm 🟡 CAUTION | Battery:  71% | Gear: R | Speed: 0"
"[Mock] 📡 Distance: 40cm 🟡 CAUTION | Battery:  68% | Gear: R | Speed: 0"
"[Mock] 📡 Distance: 38cm 🟡 CAUTION | Battery:  64% | Gear: R | Speed: 0"
2026-01-15 14:12:00.903727 VehicleControlMock [info] vSomeIP 3.5.8 | (default)
"[Mock] 📡 Distance: 36cm 🟡 CAUTION | Battery:  61% | Gear: R | Speed: 0"
"[Mock] 📡 Distance: 34cm 🟡 CAUTION | Battery:  58% | Gear: R | Speed: 0"
"[Mock] 📡 Distance: 32cm 🟡 CAUTION | Battery:  55% | Gear: R | Speed: 0"
"[Mock] 📡 Distance: 30cm 🟠 WARNING | Battery:  51% | Gear: R | Speed: 0"
"[Mock] 📡 Distance: 28cm 🟠 WARNING | Battery:  48% | Gear: R | Speed: 0"
"[Mock] 📡 Distance: 26cm 🟠 WARNING | Battery:  45% | Gear: R | Speed: 0"
"[Mock] 📡 Distance: 24cm 🟠 WARNING | Battery:  42% | Gear: R | Speed: 0"
"[Mock] 📡 Distance: 22cm 🟠 WARNING | Battery:  38% | Gear: R | Speed: 0"
"[Mock] 📡 Distance: 20cm 🟠 WARNING | Battery:  35% | Gear: R | Speed: 0"
"[Mock] 📡 Distance: 18cm 🟠 WARNING | Battery:  32% | Gear: R | Speed: 0"
"[Mock] 📡 Distance: 16cm 🟠 WARNING | Battery:  28% | Gear: R | Speed: 0"
"[Mock] 📡 Distance: 14cm 🔴 DANGER | Battery:  25% | Gear: R | Speed: 0"
"[Mock] 📡 Distance: 12cm 🔴 DANGER | Battery:  22% | Gear: R | Speed: 0"
"[Mock] 📡 Distance: 10cm 🔴 DANGER | Battery:  19% | Gear: R | Speed: 0"
"[Mock] 📡 Distance:  8cm 🔴 DANGER | Battery:  15% | Gear: R | Speed: 0"
"[Mock] 📡 Distance:  6cm 🔴 DANGER | Battery:  12% | Gear: R | Speed: 0"

═══════════════════════════════════════════════════════
[Mock] ✅ Simulation cycle complete!
       Final: Distance = 5cm, Battery = 10%
       🔄 Restarting in 3 seconds...
═══════════════════════════════════════════════════════

2026-01-15 14:12:10.903767 VehicleControlMock [info] vSomeIP 3.5.8 | (default)
[Mock] 🔄 Restarting simulation cycle
"[Mock] 📡 Distance: 58cm 🟢 SAFE | Battery:  97% | Gear: R | Speed: 0"
"[Mock] 📡 Distance: 56cm 🟢 SAFE | Battery:  94% | Gear: R | Speed: 0"
"[Mock] 📡 Distance: 54cm 🟢 SAFE | Battery:  91% | Gear: R | Speed: 0"
"[Mock] 📡 Distance: 52cm 🟢 SAFE | Battery:  87% | Gear: R | Speed: 0"
2026-01-15 14:12:14.208035 VehicleControlMock [info] Application/Client 100e is registering.
2026-01-15 14:12:14.208063 VehicleControlMock [info] emb::find_or_create_local: self 1001, client 100e
2026-01-15 14:12:14.208082 VehicleControlMock [info] Client [1001] is connecting to [100e] at /tmp/vsomeip-100e endpoint > 0x7e4be0000e20
2026-01-15 14:12:14.208122 VehicleControlMock [info] cei::wait_connecting_cbk: endpoint > 0x7e4be0000e20 socket state > 1
2026-01-15 14:12:14.208236 VehicleControlMock [info] REGISTERED_ACK(100e)
2026-01-15 14:12:14.208268 VehicleControlMock [info] REGISTER EVENT(100e): [1234.5678.9c40:eventtype=0:is_provided=false:reliable=2]
2026-01-15 14:12:14.208274 VehicleControlMock [info] REGISTER EVENT(100e): [1234.5678.9c41:eventtype=0:is_provided=false:reliable=2]
2026-01-15 14:12:14.217708 VehicleControlMock [info] REQUEST(100e): [1234.5678:1.4294967295]
2026-01-15 14:12:14.217801 VehicleControlMock [info] SUBSCRIBE(100e): [1234.5678.1234:9c40:1]

[Mock] 📞 RPC Call: setGearPosition( "R" )
[Mock] ✓ Gear changed: "R" → "R"
[Mock] 📡 Broadcast: gearDistanceChanged
"[Mock] 📡 Distance: 50cm 🟡 CAUTION | Battery:  84% | Gear: R | Speed: 0"
"[Mock] 📡 Distance: 48cm 🟡 CAUTION | Battery:  81% | Gear: R | Speed: 0"
"[Mock] 📡 Distance: 46cm 🟡 CAUTION | Battery:  78% | Gear: R | Speed: 0"
"[Mock] 📡 Distance: 44cm 🟡 CAUTION | Battery:  74% | Gear: R | Speed: 0"
"[Mock] 📡 Distance: 42cm 🟡 CAUTION | Battery:  71% | Gear: R | Speed: 0"
"[Mock] 📡 Distance: 40cm 🟡 CAUTION | Battery:  68% | Gear: R | Speed: 0"
"[Mock] 📡 Distance: 38cm 🟡 CAUTION | Battery:  64% | Gear: R | Speed: 0"
"[Mock] 📡 Distance: 36cm 🟡 CAUTION | Battery:  61% | Gear: R | Speed: 0"
"[Mock] 📡 Distance: 34cm 🟡 CAUTION | Battery:  58% | Gear: R | Speed: 0"
"[Mock] 📡 Distance: 32cm 🟡 CAUTION | Battery:  55% | Gear: R | Speed: 0"
"[Mock] 📡 Distance: 30cm 🟠 WARNING | Battery:  51% | Gear: R | Speed: 0"
"[Mock] 📡 Distance: 28cm 🟠 WARNING | Battery:  48% | Gear: R | Speed: 0"
"[Mock] 📡 Distance: 26cm 🟠 WARNING | Battery:  45% | Gear: R | Speed: 0"
2026-01-15 14:12:20.903893 VehicleControlMock [info] vSomeIP 3.5.8 | (default)
"[Mock] 📡 Distance: 24cm 🟠 WARNING | Battery:  42% | Gear: R | Speed: 0"
"[Mock] 📡 Distance: 22cm 🟠 WARNING | Battery:  38% | Gear: R | Speed: 0"
"[Mock] 📡 Distance: 20cm 🟠 WARNING | Battery:  35% | Gear: R | Speed: 0"
"[Mock] 📡 Distance: 18cm 🟠 WARNING | Battery:  32% | Gear: R | Speed: 0"
"[Mock] 📡 Distance: 16cm 🟠 WARNING | Battery:  28% | Gear: R | Speed: 0"
"[Mock] 📡 Distance: 14cm 🔴 DANGER | Battery:  25% | Gear: R | Speed: 0"
"[Mock] 📡 Distance: 12cm 🔴 DANGER | Battery:  22% | Gear: R | Speed: 0"
2026-01-15 14:12:24.152061 VehicleControlMock [info] Application/Client 100e is deregistering.
2026-01-15 14:12:24.152175 VehicleControlMock [info] UNSUBSCRIBE(100e): [1234.5678.1234.ffff]
2026-01-15 14:12:24.152197 VehicleControlMock [info] emb::remove_local: self 1001, client 100e
2026-01-15 14:12:24.152224 VehicleControlMock [info] cei::shutdown_and_close_socket_unlocked: not recreating socket  endpoint > 0x7e4be0000e20 socket state > 0
2026-01-15 14:12:24.152233 VehicleControlMock [info] Client [1001] is closing connection to [100e] endpoint > 0x7e4be0000e20
2026-01-15 14:12:24.152299 VehicleControlMock [info] lucei::receive_cbk: Error: Operation canceled | endpoint > 0x7e4be0000e20
2026-01-15 14:12:24.152365 VehicleControlMock [info] lusei::receive_cbk closing connection due to is_stopped 0, error 'End of file', is_error 0, endpoint > 0x5656e8c3fbb0
"[Mock] 📡 Distance: 10cm 🔴 DANGER | Battery:  19% | Gear: R | Speed: 0"
"[Mock] 📡 Distance:  8cm 🔴 DANGER | Battery:  15% | Gear: R | Speed: 0"
"[Mock] 📡 Distance:  6cm 🔴 DANGER | Battery:  12% | Gear: R | Speed: 0"

═══════════════════════════════════════════════════════
[Mock] ✅ Simulation cycle complete!
       Final: Distance = 5cm, Battery = 10%
       🔄 Restarting in 3 seconds...
═══════════════════════════════════════════════════════

[Mock] 🔄 Restarting simulation cycle
"[Mock] 📡 Distance: 58cm 🟢 SAFE | Battery:  97% | Gear: R | Speed: 0"
"[Mock] 📡 Distance: 56cm 🟢 SAFE | Battery:  94% | Gear: R | Speed: 0"
"[Mock] 📡 Distance: 54cm 🟢 SAFE | Battery:  91% | Gear: R | Speed: 0"
2026-01-15 14:12:30.904049 VehicleControlMock [info] vSomeIP 3.5.8 | (default)
"[Mock] 📡 Distance: 52cm 🟢 SAFE | Battery:  87% | Gear: R | Speed: 0"
"[Mock] 📡 Distance: 50cm 🟡 CAUTION | Battery:  84% | Gear: R | Speed: 0"
"[Mock] 📡 Distance: 48cm 🟡 CAUTION | Battery:  81% | Gear: R | Speed: 0"
"[Mock] 📡 Distance: 46cm 🟡 CAUTION | Battery:  78% | Gear: R | Speed: 0"
"[Mock] 📡 Distance: 44cm 🟡 CAUTION | Battery:  74% | Gear: R | Speed: 0"
"[Mock] 📡 Distance: 42cm 🟡 CAUTION | Battery:  71% | Gear: R | Speed: 0"
"[Mock] 📡 Distance: 40cm 🟡 CAUTION | Battery:  68% | Gear: R | Speed: 0"
"[Mock] 📡 Distance: 38cm 🟡 CAUTION | Battery:  64% | Gear: R | Speed: 0"
"[Mock] 📡 Distance: 36cm 🟡 CAUTION | Battery:  61% | Gear: R | Speed: 0"
"[Mock] 📡 Distance: 34cm 🟡 CAUTION | Battery:  58% | Gear: R | Speed: 0"
"[Mock] 📡 Distance: 32cm 🟡 CAUTION | Battery:  55% | Gear: R | Speed: 0"
"[Mock] 📡 Distance: 30cm 🟠 WARNING | Battery:  51% | Gear: R | Speed: 0"
"[Mock] 📡 Distance: 28cm 🟠 WARNING | Battery:  48% | Gear: R | Speed: 0"
"[Mock] 📡 Distance: 26cm 🟠 WARNING | Battery:  45% | Gear: R | Speed: 0"
"[Mock] 📡 Distance: 24cm 🟠 WARNING | Battery:  42% | Gear: R | Speed: 0"
"[Mock] 📡 Distance: 22cm 🟠 WARNING | Battery:  38% | Gear: R | Speed: 0"
"[Mock] 📡 Distance: 20cm 🟠 WARNING | Battery:  35% | Gear: R | Speed: 0"
"[Mock] 📡 Distance: 18cm 🟠 WARNING | Battery:  32% | Gear: R | Speed: 0"
"[Mock] 📡 Distance: 16cm 🟠 WARNING | Battery:  28% | Gear: R | Speed: 0"
"[Mock] 📡 Distance: 14cm 🔴 DANGER | Battery:  25% | Gear: R | Speed: 0"
2026-01-15 14:12:40.904222 VehicleControlMock [info] vSomeIP 3.5.8 | (default)
"[Mock] 📡 Distance: 12cm 🔴 DANGER | Battery:  22% | Gear: R | Speed: 0"
"[Mock] 📡 Distance: 10cm 🔴 DANGER | Battery:  19% | Gear: R | Speed: 0"
"[Mock] 📡 Distance:  8cm 🔴 DANGER | Battery:  15% | Gear: R | Speed: 0"
"[Mock] 📡 Distance:  6cm 🔴 DANGER | Battery:  12% | Gear: R | Speed: 0"

═══════════════════════════════════════════════════════
[Mock] ✅ Simulation cycle complete!
       Final: Distance = 5cm, Battery = 10%
       🔄 Restarting in 3 seconds...
═══════════════════════════════════════════════════════

[Mock] 🔄 Restarting simulation cycle
"[Mock] 📡 Distance: 58cm 🟢 SAFE | Battery:  97% | Gear: R | Speed: 0"
"[Mock] 📡 Distance: 56cm 🟢 SAFE | Battery:  94% | Gear: R | Speed: 0"
"[Mock] 📡 Distance: 54cm 🟢 SAFE | Battery:  91% | Gear: R | Speed: 0"
"[Mock] 📡 Distance: 52cm 🟢 SAFE | Battery:  87% | Gear: R | Speed: 0"
"[Mock] 📡 Distance: 50cm 🟡 CAUTION | Battery:  84% | Gear: R | Speed: 0"
"[Mock] 📡 Distance: 48cm 🟡 CAUTION | Battery:  81% | Gear: R | Speed: 0"
"[Mock] 📡 Distance: 46cm 🟡 CAUTION | Battery:  78% | Gear: R | Speed: 0"
"[Mock] 📡 Distance: 44cm 🟡 CAUTION | Battery:  74% | Gear: R | Speed: 0"
"[Mock] 📡 Distance: 42cm 🟡 CAUTION | Battery:  71% | Gear: R | Speed: 0"
2026-01-15 14:12:50.904410 VehicleControlMock [info] vSomeIP 3.5.8 | (default)
"[Mock] 📡 Distance: 40cm 🟡 CAUTION | Battery:  68% | Gear: R | Speed: 0"
"[Mock] 📡 Distance: 38cm 🟡 CAUTION | Battery:  64% | Gear: R | Speed: 0"
"[Mock] 📡 Distance: 36cm 🟡 CAUTION | Battery:  61% | Gear: R | Speed: 0"
"[Mock] 📡 Distance: 34cm 🟡 CAUTION | Battery:  58% | Gear: R | Speed: 0"
"[Mock] 📡 Distance: 32cm 🟡 CAUTION | Battery:  55% | Gear: R | Speed: 0"
"[Mock] 📡 Distance: 30cm 🟠 WARNING | Battery:  51% | Gear: R | Speed: 0"
"[Mock] 📡 Distance: 28cm 🟠 WARNING | Battery:  48% | Gear: R | Speed: 0"
"[Mock] 📡 Distance: 26cm 🟠 WARNING | Battery:  45% | Gear: R | Speed: 0"
"[Mock] 📡 Distance: 24cm 🟠 WARNING | Battery:  42% | Gear: R | Speed: 0"
"[Mock] 📡 Distance: 22cm 🟠 WARNING | Battery:  38% | Gear: R | Speed: 0"
"[Mock] 📡 Distance: 20cm 🟠 WARNING | Battery:  35% | Gear: R | Speed: 0"
"[Mock] 📡 Distance: 18cm 🟠 WARNING | Battery:  32% | Gear: R | Speed: 0"
"[Mock] 📡 Distance: 16cm 🟠 WARNING | Battery:  28% | Gear: R | Speed: 0"
"[Mock] 📡 Distance: 14cm 🔴 DANGER | Battery:  25% | Gear: R | Speed: 0"
"[Mock] 📡 Distance: 12cm 🔴 DANGER | Battery:  22% | Gear: R | Speed: 0"
"[Mock] 📡 Distance: 10cm 🔴 DANGER | Battery:  19% | Gear: R | Speed: 0"
"[Mock] 📡 Distance:  8cm 🔴 DANGER | Battery:  15% | Gear: R | Speed: 0"
"[Mock] 📡 Distance:  6cm 🔴 DANGER | Battery:  12% | Gear: R | Speed: 0"

═══════════════════════════════════════════════════════
[Mock] ✅ Simulation cycle complete!
       Final: Distance = 5cm, Battery = 10%
       🔄 Restarting in 3 seconds...
═══════════════════════════════════════════════════════

2026-01-15 14:13:00.904643 VehicleControlMock [info] vSomeIP 3.5.8 | (default)
[Mock] 🔄 Restarting simulation cycle
"[Mock] 📡 Distance: 58cm 🟢 SAFE | Battery:  97% | Gear: R | Speed: 0"
"[Mock] 📡 Distance: 56cm 🟢 SAFE | Battery:  94% | Gear: R | Speed: 0"
"[Mock] 📡 Distance: 54cm 🟢 SAFE | Battery:  91% | Gear: R | Speed: 0"
"[Mock] 📡 Distance: 52cm 🟢 SAFE | Battery:  87% | Gear: R | Speed: 0"
"[Mock] 📡 Distance: 50cm 🟡 CAUTION | Battery:  84% | Gear: R | Speed: 0"
"[Mock] 📡 Distance: 48cm 🟡 CAUTION | Battery:  81% | Gear: R | Speed: 0"
"[Mock] 📡 Distance: 46cm 🟡 CAUTION | Battery:  78% | Gear: R | Speed: 0"
"[Mock] 📡 Distance: 44cm 🟡 CAUTION | Battery:  74% | Gear: R | Speed: 0"
"[Mock] 📡 Distance: 42cm 🟡 CAUTION | Battery:  71% | Gear: R | Speed: 0"
"[Mock] 📡 Distance: 40cm 🟡 CAUTION | Battery:  68% | Gear: R | Speed: 0"
2026-01-15 14:13:08.368252 VehicleControlMock [info] Stopping vsomeip application "VehicleControlMock" (1001).
"[Mock] 📡 Distance: 38cm 🟡 CAUTION | Battery:  64% | Gear: R | Speed: 0"
"[Mock] 📡 Distance: 36cm 🟡 CAUTION | Battery:  61% | Gear: R | Speed: 0"
"[Mock] 📡 Distance: 34cm 🟡 CAUTION | Battery:  58% | Gear: R | Speed: 0"
"[Mock] 📡 Distance: 32cm 🟡 CAUTION | Battery:  55% | Gear: R | Speed: 0"
"[Mock] 📡 Distance: 30cm 🟠 WARNING | Battery:  51% | Gear: R | Speed: 0"
"[Mock] 📡 Distance: 28cm 🟠 WARNING | Battery:  48% | Gear: R | Speed: 0"
"[Mock] 📡 Distance: 26cm 🟠 WARNING | Battery:  45% | Gear: R | Speed: 0"
"[Mock] 📡 Distance: 24cm 🟠 WARNING | Battery:  42% | Gear: R | Speed: 0"
"[Mock] 📡 Distance: 22cm 🟠 WARNING | Battery:  38% | Gear: R | Speed: 0"
"[Mock] 📡 Distance: 20cm 🟠 WARNING | Battery:  35% | Gear: R | Speed: 0"
"[Mock] 📡 Distance: 18cm 🟠 WARNING | Battery:  32% | Gear: R | Speed: 0"
"[Mock] 📡 Distance: 16cm 🟠 WARNING | Battery:  28% | Gear: R | Speed: 0"
"[Mock] 📡 Distance: 14cm 🔴 DANGER | Battery:  25% | Gear: R | Speed: 0"
"[Mock] 📡 Distance: 12cm 🔴 DANGER | Battery:  22% | Gear: R | Speed: 0"
"[Mock] 📡 Distance: 10cm 🔴 DANGER | Battery:  19% | Gear: R | Speed: 0"
"[Mock] 📡 Distance:  8cm 🔴 DANGER | Battery:  15% | Gear: R | Speed: 0"
"[Mock] 📡 Distance:  6cm 🔴 DANGER | Battery:  12% | Gear: R | Speed: 0"

═══════════════════════════════════════════════════════
[Mock] ✅ Simulation cycle complete!
       Final: Distance = 5cm, Battery = 10%
       🔄 Restarting in 3 seconds...
═══════════════════════════════════════════════════════

[Mock] 🔄 Restarting simulation cycle
"[Mock] 📡 Distance: 58cm 🟢 SAFE | Battery:  97% | Gear: R | Speed: 0"
"[Mock] 📡 Distance: 56cm 🟢 SAFE | Battery:  94% | Gear: R | Speed: 0"
"[Mock] 📡 Distance: 54cm 🟢 SAFE | Battery:  91% | Gear: R | Speed: 0"
"[Mock] 📡 Distance: 52cm 🟢 SAFE | Battery:  87% | Gear: R | Speed: 0"
"[Mock] 📡 Distance: 50cm 🟡 CAUTION | Battery:  84% | Gear: R | Speed: 0"
"[Mock] 📡 Distance: 48cm 🟡 CAUTION | Battery:  81% | Gear: R | Speed: 0"
"[Mock] 📡 Distance: 46cm 🟡 CAUTION | Battery:  78% | Gear: R | Speed: 0"
"[Mock] 📡 Distance: 44cm 🟡 CAUTION | Battery:  74% | Gear: R | Speed: 0"
"[Mock] 📡 Distance: 42cm 🟡 CAUTION | Battery:  71% | Gear: R | Speed: 0"
"[Mock] 📡 Distance: 40cm 🟡 CAUTION | Battery:  68% | Gear: R | Speed: 0"
"[Mock] 📡 Distance: 38cm 🟡 CAUTION | Battery:  64% | Gear: R | Speed: 0"
"[Mock] 📡 Distance: 36cm 🟡 CAUTION | Battery:  61% | Gear: R | Speed: 0"
"[Mock] 📡 Distance: 34cm 🟡 CAUTION | Battery:  58% | Gear: R | Speed: 0"
"[Mock] 📡 Distance: 32cm 🟡 CAUTION | Battery:  55% | Gear: R | Speed: 0"
"[Mock] 📡 Distance: 30cm 🟠 WARNING | Battery:  51% | Gear: R | Speed: 0"
"[Mock] 📡 Distance: 28cm 🟠 WARNING | Battery:  48% | Gear: R | Speed: 0"
"[Mock] 📡 Distance: 26cm 🟠 WARNING | Battery:  45% | Gear: R | Speed: 0"
"[Mock] 📡 Distance: 24cm 🟠 WARNING | Battery:  42% | Gear: R | Speed: 0"
"[Mock] 📡 Distance: 22cm 🟠 WARNING | Battery:  38% | Gear: R | Speed: 0"
"[Mock] 📡 Distance: 20cm 🟠 WARNING | Battery:  35% | Gear: R | Speed: 0"
"[Mock] 📡 Distance: 18cm 🟠 WARNING | Battery:  32% | Gear: R | Speed: 0"
"[Mock] 📡 Distance: 16cm 🟠 WARNING | Battery:  28% | Gear: R | Speed: 0"
"[Mock] 📡 Distance: 14cm 🔴 DANGER | Battery:  25% | Gear: R | Speed: 0"
"[Mock] 📡 Distance: 12cm 🔴 DANGER | Battery:  22% | Gear: R | Speed: 0"
"[Mock] 📡 Distance: 10cm 🔴 DANGER | Battery:  19% | Gear: R | Speed: 0"
"[Mock] 📡 Distance:  8cm 🔴 DANGER | Battery:  15% | Gear: R | Speed: 0"
"[Mock] 📡 Distance:  6cm 🔴 DANGER | Battery:  12% | Gear: R | Speed: 0"

═══════════════════════════════════════════════════════
[Mock] ✅ Simulation cycle complete!
       Final: Distance = 5cm, Battery = 10%
       🔄 Restarting in 3 seconds...
═══════════════════════════════════════════════════════

[Mock] 🔄 Restarting simulation cycle
"[Mock] 📡 Distance: 58cm 🟢 SAFE | Battery:  97% | Gear: R | Speed: 0"
"[Mock] 📡 Distance: 56cm 🟢 SAFE | Battery:  94% | Gear: R | Speed: 0"
"[Mock] 📡 Distance: 54cm 🟢 SAFE | Battery:  91% | Gear: R | Speed: 0"
"[Mock] 📡 Distance: 52cm 🟢 SAFE | Battery:  87% | Gear: R | Speed: 0"
"[Mock] 📡 Distance: 50cm 🟡 CAUTION | Battery:  84% | Gear: R | Speed: 0"
"[Mock] 📡 Distance: 48cm 🟡 CAUTION | Battery:  81% | Gear: R | Speed: 0"
"[Mock] 📡 Distance: 46cm 🟡 CAUTION | Battery:  78% | Gear: R | Speed: 0"
"[Mock] 📡 Distance: 44cm 🟡 CAUTION | Battery:  74% | Gear: R | Speed: 0"
"[Mock] 📡 Distance: 42cm 🟡 CAUTION | Battery:  71% | Gear: R | Speed: 0"
"[Mock] 📡 Distance: 40cm 🟡 CAUTION | Battery:  68% | Gear: R | Speed: 0"
"[Mock] 📡 Distance: 38cm 🟡 CAUTION | Battery:  64% | Gear: R | Speed: 0"
"[Mock] 📡 Distance: 36cm 🟡 CAUTION | Battery:  61% | Gear: R | Speed: 0"
"[Mock] 📡 Distance: 34cm 🟡 CAUTION | Battery:  58% | Gear: R | Speed: 0"
"[Mock] 📡 Distance: 32cm 🟡 CAUTION | Battery:  55% | Gear: R | Speed: 0"
"[Mock] 📡 Distance: 30cm 🟠 WARNING | Battery:  51% | Gear: R | Speed: 0"
"[Mock] 📡 Distance: 28cm 🟠 WARNING | Battery:  48% | Gear: R | Speed: 0"
"[Mock] 📡 Distance: 26cm 🟠 WARNING | Battery:  45% | Gear: R | Speed: 0"
"[Mock] 📡 Distance: 24cm 🟠 WARNING | Battery:  42% | Gear: R | Speed: 0"
"[Mock] 📡 Distance: 22cm 🟠 WARNING | Battery:  38% | Gear: R | Speed: 0"
"[Mock] 📡 Distance: 20cm 🟠 WARNING | Battery:  35% | Gear: R | Speed: 0"
"[Mock] 📡 Distance: 18cm 🟠 WARNING | Battery:  32% | Gear: R | Speed: 0"
"[Mock] 📡 Distance: 16cm 🟠 WARNING | Battery:  28% | Gear: R | Speed: 0"
"[Mock] 📡 Distance: 14cm 🔴 DANGER | Battery:  25% | Gear: R | Speed: 0"
"[Mock] 📡 Distance: 12cm 🔴 DANGER | Battery:  22% | Gear: R | Speed: 0"
"[Mock] 📡 Distance: 10cm 🔴 DANGER | Battery:  19% | Gear: R | Speed: 0"
"[Mock] 📡 Distance:  8cm 🔴 DANGER | Battery:  15% | Gear: R | Speed: 0"
"[Mock] 📡 Distance:  6cm 🔴 DANGER | Battery:  12% | Gear: R | Speed: 0"

═══════════════════════════════════════════════════════
[Mock] ✅ Simulation cycle complete!
       Final: Distance = 5cm, Battery = 10%
       🔄 Restarting in 3 seconds...
═══════════════════════════════════════════════════════

[Mock] 🔄 Restarting simulation cycle
"[Mock] 📡 Distance: 58cm 🟢 SAFE | Battery:  97% | Gear: R | Speed: 0"
"[Mock] 📡 Distance: 56cm 🟢 SAFE | Battery:  94% | Gear: R | Speed: 0"
"[Mock] 📡 Distance: 54cm 🟢 SAFE | Battery:  91% | Gear: R | Speed: 0"
"[Mock] 📡 Distance: 52cm 🟢 SAFE | Battery:  87% | Gear: R | Speed: 0"
"[Mock] 📡 Distance: 50cm 🟡 CAUTION | Battery:  84% | Gear: R | Speed: 0"
"[Mock] 📡 Distance: 48cm 🟡 CAUTION | Battery:  81% | Gear: R | Speed: 0"
"[Mock] 📡 Distance: 46cm 🟡 CAUTION | Battery:  78% | Gear: R | Speed: 0"
"[Mock] 📡 Distance: 44cm 🟡 CAUTION | Battery:  74% | Gear: R | Speed: 0"
"[Mock] 📡 Distance: 42cm 🟡 CAUTION | Battery:  71% | Gear: R | Speed: 0"
"[Mock] 📡 Distance: 40cm 🟡 CAUTION | Battery:  68% | Gear: R | Speed: 0"
"[Mock] 📡 Distance: 38cm 🟡 CAUTION | Battery:  64% | Gear: R | Speed: 0"
"[Mock] 📡 Distance: 36cm 🟡 CAUTION | Battery:  61% | Gear: R | Speed: 0"
"[Mock] 📡 Distance: 34cm 🟡 CAUTION | Battery:  58% | Gear: R | Speed: 0"
"[Mock] 📡 Distance: 32cm 🟡 CAUTION | Battery:  55% | Gear: R | Speed: 0"
"[Mock] 📡 Distance: 30cm 🟠 WARNING | Battery:  51% | Gear: R | Speed: 0"
"[Mock] 📡 Distance: 28cm 🟠 WARNING | Battery:  48% | Gear: R | Speed: 0"
"[Mock] 📡 Distance: 26cm 🟠 WARNING | Battery:  45% | Gear: R | Speed: 0"
"[Mock] 📡 Distance: 24cm 🟠 WARNING | Battery:  42% | Gear: R | Speed: 0"
"[Mock] 📡 Distance: 22cm 🟠 WARNING | Battery:  38% | Gear: R | Speed: 0"
"[Mock] 📡 Distance: 20cm 🟠 WARNING | Battery:  35% | Gear: R | Speed: 0"
"[Mock] 📡 Distance: 18cm 🟠 WARNING | Battery:  32% | Gear: R | Speed: 0"
"[Mock] 📡 Distance: 16cm 🟠 WARNING | Battery:  28% | Gear: R | Speed: 0"
